<?xml version="1.0" encoding="UTF-8" standalone="no"?>
<ClinicalDocument xmlns="urn:hl7-org:v3" xmlns:voc="urn:hl7-org:v3/voc" xmlns:xsi="http://www.w3.org/2001/XMLSchema-instance" xsi:schemaLocation="urn:hl7-org:v3 ../../CDASchema/CDA.xsd">	
	<realmCode code="US"/>
	<typeId extension="POCD_HD000040" root="2.16.840.1.113883.1.3"/>	
	<templateId root="2.16.840.1.113883.10.20.27.1.1"/>
	<id root="88414c01-715a-45bb-83bb-db7ac860fe9d"/>	
	<code code="55184-6" codeSystem="2.16.840.1.113883.6.1" codeSystemName="LOINC" displayName="Quality Reporting Document Architecture Calculated Summary Report"/>
	<title>QRDA Calculated Summary Report</title>
	<effectiveTime value="20170517"/>
	<confidentialityCode code="N" codeSystem="2.16.840.1.113883.5.25"/>
	<languageCode code="en-US"/>	
	<versionNumber value="1"/>	
	<recordTarget>
		<patientRole>
			<id nullFlavor="NA"/>
		</patientRole>
	</recordTarget>	
	<author>
		<time value="20170517"/>
		<assignedAuthor>			
			<id nullFlavor="UNK" root="2.16.840.1.113883.19.5"/>
			<assignedAuthoringDevice>
				<softwareName> </softwareName>
			</assignedAuthoringDevice>
			<representedOrganization>				
				<id extension="1234567" root="2.16.840.1.113883.4.2"/>				
				<name>Registry Organization</name>
			</representedOrganization>
		</assignedAuthor>
	</author>	
	<custodian>
		<assignedCustodian>
			<representedCustodianOrganization>				
				<id root="2.16.840.1.113883.19.5"/>				
				<name/>
			</representedCustodianOrganization>
		</assignedCustodian>
	</custodian>	
	<legalAuthenticator>		
		<time value="1494999920594"/>		
		<signatureCode code="S"/>
		<assignedEntity>			
			<id root="bc01a5d1-3a34-4286-82cc-43eb04c972a7"/>			
			<representedOrganization>				
				<id root="2.16.840.1.113883.19.5"/>
			</representedOrganization>
		</assignedEntity>
	</legalAuthenticator>	
	<participant typeCode="DEV">
		<associatedEntity classCode="RGPR">			
			<id assigningAuthorityName="CMS" extension="98765" root="2.16.840.1.113883.3.249.21"/>			
			<id assigningAuthorityName="ONC" extension="1a2b3c" root="2.16.840.1.113883.3.2074.1"/>
			<code code="129465004" codeSystem="2.16.840.1.113883.6.96" codeSystemName="SNOMED-CT" displayName="Medical Record (Electronic)"/>
		</associatedEntity>
	</participant>	
	<documentationOf typeCode="DOC">
		<serviceEvent classCode="PCPR">			
			<effectiveTime>
				<low value="20170501000000"/>
				<high value="20170531000000"/>
			</effectiveTime>			
			<performer typeCode="PRF">
				<time>
					<low value="20170501000000"/>
					<high value="20170531000000"/>
				</time>
				<assignedEntity>
					
					<id assigningAuthorityName="NPI" nullFlavor="NI" root="2.16.840.1.113883.4.6"/>					
					<telecom value="mailto:user@hostname"/>
					<representedOrganization>						
						<id assigningAuthorityName="TIN" nullFlavor="NI" root="2.16.840.1.113883.4.2"/>						
						<id assigningAuthorityName="CCN" nullFlavor="NI" root="2.16.840.1.113883.4.336"/>
					</representedOrganization>
				</assignedEntity>
			</performer>
		</serviceEvent>
	</documentationOf>	
	<authorization>
		<consent>
			<id root="84613250-e75e-11e1-aff1-0800200c9a66"/>			
			<code code="425691002" codeSystem="2.16.840.1.113883.6.96" codeSystemName="SNOMED-CT" displayName="consent given for electronic record sharing"/>
			<statusCode code="completed"/>
		</consent>
	</authorization>	
	<component>
		<structuredBody>			
			<component>
				<section>					
					<templateId root="2.16.840.1.113883.10.20.17.2.1"/>					
					<templateId root="2.16.840.1.113883.10.20.27.2.2"/>
					<code code="55187-9" codeSystem="2.16.840.1.113883.6.1"/>
					<title>Reporting Parameters</title>
					<text>
						<list>
							<item>Reporting period: 20170501000000 - 20170531000000</item>
							<item>First encounter: </item>
							<item>Last encounter: </item>
						</list>
					</text>
					<entry typeCode="DRIV">
						<act classCode="ACT" moodCode="EVN">
							<templateId root="2.16.840.1.113883.10.20.17.3.8"/>
							<id root="55a43e20-6463-46eb-81c3-9a3a1ad41225"/>
							<code code="252116004" codeSystem="2.16.840.1.113883.6.96" displayName="Observation Parameters"/>							
							<effectiveTime>
								<low value="20120105"/>								
								<high value="20120324"/>								
							</effectiveTime>
						</act>
					</entry>
					<entry>
						<encounter classCode="ENC" moodCode="EVN">
							<templateId root="2.16.840.1.113883.10.20.27.3.11"/>							
							<effectiveTime>
								<low value="20120105"/>
							</effectiveTime>
						</encounter>
					</entry>
					<entry>
						<encounter classCode="ENC" moodCode="EVN">
							<templateId root="2.16.840.1.113883.10.20.27.3.12"/>							
							<effectiveTime>
								<low nullFlavor="NI"/>
								<high value="20120324"/>
							</effectiveTime>
						</encounter>
					</entry>
				</section>
			</component>			
			<component>
				<section>					
					<templateId root="2.16.840.1.113883.10.20.24.2.2"/>					
					<templateId root="2.16.840.1.113883.10.20.27.2.1"/>
					<code code="55186-1" codeSystem="2.16.840.1.113883.6.1"/>
					<title>QRDA Category III Measure Section</title>
					<text>                                        
                                            <table border="1" width="100%">
                                                <thead>
                                                    <tr>
                                                        <th>eMeasure Title</th>
                                                        <th>Version neutral identifier</th>
                                                        <th>eMeasure Version Number</th>
                                                        <th>NQF eMeasure Number</th>
                                                        <th>eMeasure Identifier (MAT)</th>
                                                        <th>Version specific identifier</th>
                                                    </tr>
                                                </thead>
                                                <tbody>
                                                    
                                                </tbody>
                                            </table>
                                        </text>
                                        
    <entry>
        <organizer classCode="CLUSTER" moodCode="EVN">
          <templateId root="2.16.840.1.113883.10.20.24.3.98"/>
          <templateId root="2.16.840.1.113883.10.20.27.3.1"/>
          <templateId root="2.16.840.1.113883.10.20.27.3.17"/>
          <id extension="74830d85-3c04-4a96-98e0-4c097038421c"/>
          <statusCode code="completed"/>
          <reference typeCode="REFR">
            <externalDocument classCode="DOC" moodCode="EVN">
              <id extension="40280381-4555-e1c1-0145-dc7dc26a44bf   " root="2.16.840.1.113883.4.738"/>
              <code code="57024-2" codeSystem="2.16.840.1.113883.6.1" codeSystemName="LOINC"/>
              <text>Documentation of Current Medications in the Medical Record</text>
              <setId root="9A032D9C-3D9B-11E1-8634-00237D5BF174   "/>
              <versionNumber value="4"/>        
            </externalDocument>
          </reference>
          

	<!-- Optional performance rate template -->
	<component>
		<observation classCode="OBS" moodCode="EVN">
			<!-- MAY 0..1 Performance Rate for Proportion Measure template -->
			<templateId root="2.16.840.1.113883.10.20.27.3.14"/>
			<code code="72510-1" codeSystem="2.16.840.1.113883.6.1" codeSystemName="2.16.840.1.113883.6.1" displayName="Performance Rate"/>
			<statusCode code="completed"/>
			<value value="0.833" xsi:type="REAL"/>
			<!-- MAY 0..1  (Note: this is the reference to the specific Numerator included in the calculation) -->
			<reference typeCode="REFR">
				<externalObservation classCode="OBS" moodCode="EVN">
					<!-- 
					The externalObservationID contains the ID of the numerator in the referenced eMeasure.
					-->
					<id root="63DD3232-4F74-4FA2-B5CF-A7B7DC8BC5B9"/>
					<code code="NUMER" codeSystem="2.16.840.1.113883.5.4" codeSystemName="ActCode" displayName="Numerator"/>
				</externalObservation>
			</reference>
			<!-- MAY 0..1 Used to represent the predicted rate based on the measure’s risk-adjustment model. -->
			<referenceRange>
				<observationRange>
					<value value="0.625" xsi:type="REAL"/>
				</observationRange>
			</referenceRange>
		</observation>
	</component>


          

	<!-- Optional reporting rate template -->
	<component>
		<observation classCode="OBS" moodCode="EVN">
			<!-- MAY 0..1 Reporting Rate for Proportion Measure template -->
			<templateId root="2.16.840.1.113883.10.20.27.3.15"/>
			<code code="72509-3" codeSystem="2.16.840.1.113883.6.1" codeSystemName="2.16.840.1.113883.6.1" displayName="Reporting Rate"/>
			<statusCode code="completed"/>
			<value value="0.84" xsi:type="REAL"/>
		</observation>
	</component>

          
          
	<component>
		<observation classCode="OBS" moodCode="EVN">
				<!-- Measure Data template -->
				<templateId extension="2016-02-01" root="2.16.840.1.113883.10.20.27.3.5"/>
				<code code="ASSERTION" codeSystem="2.16.840.1.113883.5.4" codeSystemName="ActCode" displayName="Assertion"/>
				<statusCode code="completed"/>
				<!-- SHALL value with SHOULD be from valueSetName="ObservationPopulationInclusion"	
					valueSetOid="2.16.840.1.113883.1.11.20369"	Binding: Dynamic
				-->
				<value code="IPOP" codeSystem="2.16.840.1.113883.5.4" codeSystemName="ActCode" displayName="initial patient population" xsi:type="CD"/>
				<!-- SHALL contain aggregate count template -->
				<entryRelationship inversionInd="true" typeCode="SUBJ">
					<!-- Aggregate Count (2.16.840.1.113883.10.20.27.3.3) -->
					<observation classCode="OBS" moodCode="EVN">
						<!-- Aggregate Count template -->
						<templateId root="2.16.840.1.113883.10.20.27.3.3"/>
						<!-- SHALL single value binding -->
						<code code="MSRAGG" codeSystem="2.16.840.1.113883.5.4" codeSystemName="ActCode" displayName="rate aggregation"/>
						<!--  SHALL value xsi:type="INT"-->
						<value value="50" xsi:type="INT"/>
						<methodCode code="COUNT" codeSystem="2.16.840.1.113883.5.84" codeSystemName="ObservationMethod" displayName="Count"/>
					</observation>
				</entryRelationship>
				
    <entryRelationship typeCode="COMP">
    <observation classCode="OBS" moodCode="EVN">
      <templateId root="2.16.840.1.113883.10.20.27.3.7"/>
      <code code="364699009" codeSystem="2.16.840.1.113883.6.96" codeSystemName="SNOMED-CT" displayName="Patient Ethnicity"/>
      <statusCode code="completed"/>
      <value code="1" codeSystem="2.16.840.1.113883.10.20.27.3.8" codeSystemName="Ethnicity" displayName="DISPLAY" xsi:type="CD"/>
      <entryRelationship inversionInd="true" typeCode="SUBJ">
        <observation classCode="OBS" moodCode="EVN">
          <templateId root="2.16.840.1.113883.10.20.27.3.3"/>
          <code code="MSRAGG" codeSystem="2.16.840.1.113883.5.4" codeSystemName="ActCode" displayName="rate aggregation"/>
          <value value="1" xsi:type="INT"/>
          <methodCode code="COUNT" codeSystem="2.16.840.1.113883.5.84" codeSystemName="ObservationMethod" displayName="Count"/>
        </observation>
      </entryRelationship>
    </observation>
    </entryRelationship>
    

    <entryRelationship typeCode="COMP">
    <observation classCode="OBS" moodCode="EVN">
      <templateId root="2.16.840.1.113883.10.20.27.3.7"/>
      <code code="364699009" codeSystem="2.16.840.1.113883.6.96" codeSystemName="SNOMED-CT" displayName="Patient Ethnicity"/>
      <statusCode code="completed"/>
      <value code="2" codeSystem="2.16.840.1.113883.10.20.27.3.8" codeSystemName="Ethnicity" displayName="DISPLAY1" xsi:type="CD"/>
      <entryRelationship inversionInd="true" typeCode="SUBJ">
        <observation classCode="OBS" moodCode="EVN">
          <templateId root="2.16.840.1.113883.10.20.27.3.3"/>
          <code code="MSRAGG" codeSystem="2.16.840.1.113883.5.4" codeSystemName="ActCode" displayName="rate aggregation"/>
          <value value="2" xsi:type="INT"/>
          <methodCode code="COUNT" codeSystem="2.16.840.1.113883.5.84" codeSystemName="ObservationMethod" displayName="Count"/>
        </observation>
      </entryRelationship>
    </observation>
    </entryRelationship>
    

    <entryRelationship typeCode="COMP">
    <observation classCode="OBS" moodCode="EVN">
      <templateId root="2.16.840.1.113883.10.20.27.3.8"/>
      <code code="103579009" codeSystem="2.16.840.1.113883.6.96" codeSystemName="SNOMED-CT" displayName="Patient Race"/>
      <statusCode code="completed"/>
      <value code="1" codeSystem="2.16.840.1.113883.10.20.27.3.8" codeSystemName="Race" displayName="DISPLAY" xsi:type="CD"/>
      <entryRelationship inversionInd="true" typeCode="SUBJ">
        <observation classCode="OBS" moodCode="EVN">
          <templateId root="2.16.840.1.113883.10.20.27.3.3"/>
          <code code="MSRAGG" codeSystem="2.16.840.1.113883.5.4" codeSystemName="ActCode" displayName="rate aggregation"/>
          <value value="1" xsi:type="INT"/>
          <methodCode code="COUNT" codeSystem="2.16.840.1.113883.5.84" codeSystemName="ObservationMethod" displayName="Count"/>
        </observation>
      </entryRelationship>
    </observation>
    </entryRelationship>
    

    <entryRelationship typeCode="COMP">
        <observation classCode="OBS" moodCode="EVN">
          <templateId root="2.16.840.1.113883.10.20.27.3.6"/>
          <code code="184100006" codeSystem="2.16.840.1.113883.6.96" codeSystemName="SNOMED-CT" displayName="Patient Sex"/>
          <statusCode code="completed"/>
          <value code="1" codeSystem="2.16.840.1.113883.5.1" codeSystemName="Sex" displayName="Female" xsi:type="CD"/>
          <entryRelationship inversionInd="true" typeCode="SUBJ">
            <observation classCode="OBS" moodCode="EVN">
              <templateId root="2.16.840.1.113883.10.20.27.3.3"/>
              <code code="MSRAGG" codeSystem="2.16.840.1.113883.5.4" codeSystemName="ActCode" displayName="rate aggregation"/>
              <value value="1" xsi:type="INT"/>
              <methodCode code="COUNT" codeSystem="2.16.840.1.113883.5.84" codeSystemName="ObservationMethod" displayName="Count"/>
            </observation>
          </entryRelationship>
        </observation>
    </entryRelationship>
     

    <entryRelationship typeCode="COMP">
        <observation classCode="OBS" moodCode="EVN">
          <templateId root="2.16.840.1.113883.10.20.27.3.6"/>
          <code code="184100006" codeSystem="2.16.840.1.113883.6.96" codeSystemName="SNOMED-CT" displayName="Patient Sex"/>
          <statusCode code="completed"/>
          <value code="2" codeSystem="2.16.840.1.113883.5.1" codeSystemName="Sex" displayName="Male" xsi:type="CD"/>
          <entryRelationship inversionInd="true" typeCode="SUBJ">
            <observation classCode="OBS" moodCode="EVN">
              <templateId root="2.16.840.1.113883.10.20.27.3.3"/>
              <code code="MSRAGG" codeSystem="2.16.840.1.113883.5.4" codeSystemName="ActCode" displayName="rate aggregation"/>
              <value value="2" xsi:type="INT"/>
              <methodCode code="COUNT" codeSystem="2.16.840.1.113883.5.84" codeSystemName="ObservationMethod" displayName="Count"/>
            </observation>
          </entryRelationship>
        </observation>
    </entryRelationship>
     

    <entryRelationship typeCode="COMP">
        <observation classCode="OBS" moodCode="EVN">
          <templateId root="2.16.840.1.113883.10.20.24.3.55"/>
          <templateId root="2.16.840.1.113883.10.20.27.3.9"/>
          <templateId root="2.16.840.1.113883.10.20.27.3.18"/>
          <id nullFlavor="NI"/>
          <code code="48768-6" codeSystem="2.16.840.1.113883.6.1" codeSystemName="SNOMED-CT" displayName="Payment source"/>
          <statusCode code="completed"/>
          <effectiveTime>
            <low value="20160212"/>
            <high value="20160212"/>
          </effectiveTime>
          <value code="1" codeSystem="2.16.840.1.113883.5.1" codeSystemName="DISPLAY" xsi:type="CD"/>
          <entryRelationship inversionInd="true" typeCode="SUBJ">
            <observation classCode="OBS" moodCode="EVN">
              <templateId root="2.16.840.1.113883.10.20.27.3.3"/>
              <code code="MSRAGG" codeSystem="2.16.840.1.113883.5.4" codeSystemName="ActCode" displayName="rate aggregation"/>
              <value value="1" xsi:type="INT"/>
              <methodCode code="COUNT" codeSystem="2.16.840.1.113883.5.84" codeSystemName="ObservationMethod" displayName="Count"/>
            </observation>
          </entryRelationship>
        </observation>
    </entryRelationship>
    

				<!-- SHALL 1..1  (Note: this is the reference for the entire population starting with the first component
					observation at the top within the measure data template-->
				<reference typeCode="REFR">
					<!-- reference to the relevant population in the eMeasure -->
					<externalObservation classCode="OBS" moodCode="EVN">
						<id root="DC87C081-5272-4E9A-B10A-F607FCEB560B"/>
					</externalObservation>
				</reference>
		</observation>
	</component>
				

	<component>
		<observation classCode="OBS" moodCode="EVN">
			<!-- Measure Data template -->
			<templateId extension="2016-02-01" root="2.16.840.1.113883.10.20.27.3.5"/>
			<code code="ASSERTION" codeSystem="2.16.840.1.113883.5.4" codeSystemName="ActCode" displayName="Assertion"/>
			<statusCode code="completed"/>
			<!-- SHALL value with SHOULD be from valueSetName="ObservationPopulationInclusion "	valueSetOid="2.16.840.1.113883.1.11.20369"	Binding: Dynamic
			-->
			<value code="DENOM" codeSystem="2.16.840.1.113883.5.4" codeSystemName="ActCode" displayName="Denominator" xsi:type="CD"/>
			<!-- SHALL contain aggregate count template -->
			<entryRelationship inversionInd="true" typeCode="SUBJ">
				<!-- Aggregate Count (2.16.840.1.113883.10.20.27.3.3) -->
				<observation classCode="OBS" moodCode="EVN">
					<!-- Aggregate Count template -->
					<templateId root="2.16.840.1.113883.10.20.27.3.3"/>
					<!-- SHALL single value binding -->
					<code code="MSRAGG" codeSystem="2.16.840.1.113883.5.4" codeSystemName="ActCode" displayName="rate aggregation"/>
					<!--  SHALL value xsi:type="INT"-->
					<value value="10" xsi:type="INT"/>
					<methodCode code="COUNT" codeSystem="2.16.840.1.113883.5.84" codeSystemName="ObservationMethod" displayName="Count"/>
				</observation>
			</entryRelationship>
			
    <entryRelationship typeCode="COMP">
    <observation classCode="OBS" moodCode="EVN">
      <templateId root="2.16.840.1.113883.10.20.27.3.7"/>
      <code code="364699009" codeSystem="2.16.840.1.113883.6.96" codeSystemName="SNOMED-CT" displayName="Patient Ethnicity"/>
      <statusCode code="completed"/>
      <value code="1" codeSystem="2.16.840.1.113883.10.20.27.3.8" codeSystemName="Ethnicity" displayName="DISPLAY" xsi:type="CD"/>
      <entryRelationship inversionInd="true" typeCode="SUBJ">
        <observation classCode="OBS" moodCode="EVN">
          <templateId root="2.16.840.1.113883.10.20.27.3.3"/>
          <code code="MSRAGG" codeSystem="2.16.840.1.113883.5.4" codeSystemName="ActCode" displayName="rate aggregation"/>
          <value value="1" xsi:type="INT"/>
          <methodCode code="COUNT" codeSystem="2.16.840.1.113883.5.84" codeSystemName="ObservationMethod" displayName="Count"/>
        </observation>
      </entryRelationship>
    </observation>
    </entryRelationship>
    

    <entryRelationship typeCode="COMP">
    <observation classCode="OBS" moodCode="EVN">
      <templateId root="2.16.840.1.113883.10.20.27.3.7"/>
      <code code="364699009" codeSystem="2.16.840.1.113883.6.96" codeSystemName="SNOMED-CT" displayName="Patient Ethnicity"/>
      <statusCode code="completed"/>
      <value code="2" codeSystem="2.16.840.1.113883.10.20.27.3.8" codeSystemName="Ethnicity" displayName="DISPLAY1" xsi:type="CD"/>
      <entryRelationship inversionInd="true" typeCode="SUBJ">
        <observation classCode="OBS" moodCode="EVN">
          <templateId root="2.16.840.1.113883.10.20.27.3.3"/>
          <code code="MSRAGG" codeSystem="2.16.840.1.113883.5.4" codeSystemName="ActCode" displayName="rate aggregation"/>
          <value value="2" xsi:type="INT"/>
          <methodCode code="COUNT" codeSystem="2.16.840.1.113883.5.84" codeSystemName="ObservationMethod" displayName="Count"/>
        </observation>
      </entryRelationship>
    </observation>
    </entryRelationship>
    

    <entryRelationship typeCode="COMP">
    <observation classCode="OBS" moodCode="EVN">
      <templateId root="2.16.840.1.113883.10.20.27.3.8"/>
      <code code="103579009" codeSystem="2.16.840.1.113883.6.96" codeSystemName="SNOMED-CT" displayName="Patient Race"/>
      <statusCode code="completed"/>
      <value code="1" codeSystem="2.16.840.1.113883.10.20.27.3.8" codeSystemName="Race" displayName="DISPLAY" xsi:type="CD"/>
      <entryRelationship inversionInd="true" typeCode="SUBJ">
        <observation classCode="OBS" moodCode="EVN">
          <templateId root="2.16.840.1.113883.10.20.27.3.3"/>
          <code code="MSRAGG" codeSystem="2.16.840.1.113883.5.4" codeSystemName="ActCode" displayName="rate aggregation"/>
          <value value="1" xsi:type="INT"/>
          <methodCode code="COUNT" codeSystem="2.16.840.1.113883.5.84" codeSystemName="ObservationMethod" displayName="Count"/>
        </observation>
      </entryRelationship>
    </observation>
    </entryRelationship>
    

    <entryRelationship typeCode="COMP">
        <observation classCode="OBS" moodCode="EVN">
          <templateId root="2.16.840.1.113883.10.20.27.3.6"/>
          <code code="184100006" codeSystem="2.16.840.1.113883.6.96" codeSystemName="SNOMED-CT" displayName="Patient Sex"/>
          <statusCode code="completed"/>
          <value code="1" codeSystem="2.16.840.1.113883.5.1" codeSystemName="Sex" displayName="Female" xsi:type="CD"/>
          <entryRelationship inversionInd="true" typeCode="SUBJ">
            <observation classCode="OBS" moodCode="EVN">
              <templateId root="2.16.840.1.113883.10.20.27.3.3"/>
              <code code="MSRAGG" codeSystem="2.16.840.1.113883.5.4" codeSystemName="ActCode" displayName="rate aggregation"/>
              <value value="1" xsi:type="INT"/>
              <methodCode code="COUNT" codeSystem="2.16.840.1.113883.5.84" codeSystemName="ObservationMethod" displayName="Count"/>
            </observation>
          </entryRelationship>
        </observation>
    </entryRelationship>
     

    <entryRelationship typeCode="COMP">
        <observation classCode="OBS" moodCode="EVN">
          <templateId root="2.16.840.1.113883.10.20.27.3.6"/>
          <code code="184100006" codeSystem="2.16.840.1.113883.6.96" codeSystemName="SNOMED-CT" displayName="Patient Sex"/>
          <statusCode code="completed"/>
          <value code="2" codeSystem="2.16.840.1.113883.5.1" codeSystemName="Sex" displayName="Male" xsi:type="CD"/>
          <entryRelationship inversionInd="true" typeCode="SUBJ">
            <observation classCode="OBS" moodCode="EVN">
              <templateId root="2.16.840.1.113883.10.20.27.3.3"/>
              <code code="MSRAGG" codeSystem="2.16.840.1.113883.5.4" codeSystemName="ActCode" displayName="rate aggregation"/>
              <value value="2" xsi:type="INT"/>
              <methodCode code="COUNT" codeSystem="2.16.840.1.113883.5.84" codeSystemName="ObservationMethod" displayName="Count"/>
            </observation>
          </entryRelationship>
        </observation>
    </entryRelationship>
     

    <entryRelationship typeCode="COMP">
        <observation classCode="OBS" moodCode="EVN">
          <templateId root="2.16.840.1.113883.10.20.24.3.55"/>
          <templateId root="2.16.840.1.113883.10.20.27.3.9"/>
          <templateId root="2.16.840.1.113883.10.20.27.3.18"/>
          <id nullFlavor="NI"/>
          <code code="48768-6" codeSystem="2.16.840.1.113883.6.1" codeSystemName="SNOMED-CT" displayName="Payment source"/>
          <statusCode code="completed"/>
          <effectiveTime>
            <low value="20160212"/>
            <high value="20160212"/>
          </effectiveTime>
          <value code="1" codeSystem="2.16.840.1.113883.5.1" codeSystemName="DISPLAY" xsi:type="CD"/>
          <entryRelationship inversionInd="true" typeCode="SUBJ">
            <observation classCode="OBS" moodCode="EVN">
              <templateId root="2.16.840.1.113883.10.20.27.3.3"/>
              <code code="MSRAGG" codeSystem="2.16.840.1.113883.5.4" codeSystemName="ActCode" displayName="rate aggregation"/>
              <value value="1" xsi:type="INT"/>
              <methodCode code="COUNT" codeSystem="2.16.840.1.113883.5.84" codeSystemName="ObservationMethod" displayName="Count"/>
            </observation>
          </entryRelationship>
        </observation>
    </entryRelationship>
    

			<!-- SHALL 1..1  (Note: this is the reference for the entire population starting with the first component
				observation at the top within the measure data template-->
			<reference typeCode="REFR">
				<!-- reference to the relevant population in the eMeasure -->
				<externalObservation classCode="OBS" moodCode="EVN">
					<id root="169025B4-2133-44F9-9879-9014A2028C81"/>
				</externalObservation>
			</reference>
		</observation>
	</component>
				

	<component>
		<observation classCode="OBS" moodCode="EVN">
			<!-- Measure Data template -->
			<templateId extension="2016-02-01" root="2.16.840.1.113883.10.20.27.3.5"/>
			<code code="ASSERTION" codeSystem="2.16.840.1.113883.5.4" codeSystemName="ActCode" displayName="Assertion"/>
			<statusCode code="completed"/>
			<!-- SHALL value with SHOULD be from valueSetName="ObservationPopulationInclusion "	valueSetOid="2.16.840.1.113883.1.11.20369"	Binding: Dynamic
			-->
			<value code="DENEX" codeSystem="2.16.840.1.113883.5.4" codeSystemName="ActCode" displayName="Denominator Exclusions" xsi:type="CD"/>
			<!-- SHALL contain aggregate count template -->
			<entryRelationship inversionInd="true" typeCode="SUBJ">
				<!-- Aggregate Count (2.16.840.1.113883.10.20.27.3.3) -->
				<observation classCode="OBS" moodCode="EVN">
					<!-- Aggregate Count template -->
					<templateId root="2.16.840.1.113883.10.20.27.3.3"/>
					<code code="MSRAGG" codeSystem="2.16.840.1.113883.5.4" codeSystemName="ActCode" displayName="rate aggregation"/>
					<!--  SHALL value xsi:type="INT"-->
					<value value="20" xsi:type="INT"/>
					<methodCode code="COUNT" codeSystem="2.16.840.1.113883.5.84" codeSystemName="ObservationMethod" displayName="Count"/>
				</observation>
			</entryRelationship>
			
    <entryRelationship typeCode="COMP">
    <observation classCode="OBS" moodCode="EVN">
      <templateId root="2.16.840.1.113883.10.20.27.3.7"/>
      <code code="364699009" codeSystem="2.16.840.1.113883.6.96" codeSystemName="SNOMED-CT" displayName="Patient Ethnicity"/>
      <statusCode code="completed"/>
      <value code="1" codeSystem="2.16.840.1.113883.10.20.27.3.8" codeSystemName="Ethnicity" displayName="DISPLAY" xsi:type="CD"/>
      <entryRelationship inversionInd="true" typeCode="SUBJ">
        <observation classCode="OBS" moodCode="EVN">
          <templateId root="2.16.840.1.113883.10.20.27.3.3"/>
          <code code="MSRAGG" codeSystem="2.16.840.1.113883.5.4" codeSystemName="ActCode" displayName="rate aggregation"/>
          <value value="1" xsi:type="INT"/>
          <methodCode code="COUNT" codeSystem="2.16.840.1.113883.5.84" codeSystemName="ObservationMethod" displayName="Count"/>
        </observation>
      </entryRelationship>
    </observation>
    </entryRelationship>
    

    <entryRelationship typeCode="COMP">
    <observation classCode="OBS" moodCode="EVN">
      <templateId root="2.16.840.1.113883.10.20.27.3.7"/>
      <code code="364699009" codeSystem="2.16.840.1.113883.6.96" codeSystemName="SNOMED-CT" displayName="Patient Ethnicity"/>
      <statusCode code="completed"/>
      <value code="2" codeSystem="2.16.840.1.113883.10.20.27.3.8" codeSystemName="Ethnicity" displayName="DISPLAY1" xsi:type="CD"/>
      <entryRelationship inversionInd="true" typeCode="SUBJ">
        <observation classCode="OBS" moodCode="EVN">
          <templateId root="2.16.840.1.113883.10.20.27.3.3"/>
          <code code="MSRAGG" codeSystem="2.16.840.1.113883.5.4" codeSystemName="ActCode" displayName="rate aggregation"/>
          <value value="2" xsi:type="INT"/>
          <methodCode code="COUNT" codeSystem="2.16.840.1.113883.5.84" codeSystemName="ObservationMethod" displayName="Count"/>
        </observation>
      </entryRelationship>
    </observation>
    </entryRelationship>
    

    <entryRelationship typeCode="COMP">
    <observation classCode="OBS" moodCode="EVN">
      <templateId root="2.16.840.1.113883.10.20.27.3.8"/>
      <code code="103579009" codeSystem="2.16.840.1.113883.6.96" codeSystemName="SNOMED-CT" displayName="Patient Race"/>
      <statusCode code="completed"/>
      <value code="1" codeSystem="2.16.840.1.113883.10.20.27.3.8" codeSystemName="Race" displayName="DISPLAY" xsi:type="CD"/>
      <entryRelationship inversionInd="true" typeCode="SUBJ">
        <observation classCode="OBS" moodCode="EVN">
          <templateId root="2.16.840.1.113883.10.20.27.3.3"/>
          <code code="MSRAGG" codeSystem="2.16.840.1.113883.5.4" codeSystemName="ActCode" displayName="rate aggregation"/>
          <value value="1" xsi:type="INT"/>
          <methodCode code="COUNT" codeSystem="2.16.840.1.113883.5.84" codeSystemName="ObservationMethod" displayName="Count"/>
        </observation>
      </entryRelationship>
    </observation>
    </entryRelationship>
    

    <entryRelationship typeCode="COMP">
        <observation classCode="OBS" moodCode="EVN">
          <templateId root="2.16.840.1.113883.10.20.27.3.6"/>
          <code code="184100006" codeSystem="2.16.840.1.113883.6.96" codeSystemName="SNOMED-CT" displayName="Patient Sex"/>
          <statusCode code="completed"/>
          <value code="1" codeSystem="2.16.840.1.113883.5.1" codeSystemName="Sex" displayName="Female" xsi:type="CD"/>
          <entryRelationship inversionInd="true" typeCode="SUBJ">
            <observation classCode="OBS" moodCode="EVN">
              <templateId root="2.16.840.1.113883.10.20.27.3.3"/>
              <code code="MSRAGG" codeSystem="2.16.840.1.113883.5.4" codeSystemName="ActCode" displayName="rate aggregation"/>
              <value value="1" xsi:type="INT"/>
              <methodCode code="COUNT" codeSystem="2.16.840.1.113883.5.84" codeSystemName="ObservationMethod" displayName="Count"/>
            </observation>
          </entryRelationship>
        </observation>
    </entryRelationship>
     

    <entryRelationship typeCode="COMP">
        <observation classCode="OBS" moodCode="EVN">
          <templateId root="2.16.840.1.113883.10.20.27.3.6"/>
          <code code="184100006" codeSystem="2.16.840.1.113883.6.96" codeSystemName="SNOMED-CT" displayName="Patient Sex"/>
          <statusCode code="completed"/>
          <value code="2" codeSystem="2.16.840.1.113883.5.1" codeSystemName="Sex" displayName="Male" xsi:type="CD"/>
          <entryRelationship inversionInd="true" typeCode="SUBJ">
            <observation classCode="OBS" moodCode="EVN">
              <templateId root="2.16.840.1.113883.10.20.27.3.3"/>
              <code code="MSRAGG" codeSystem="2.16.840.1.113883.5.4" codeSystemName="ActCode" displayName="rate aggregation"/>
              <value value="2" xsi:type="INT"/>
              <methodCode code="COUNT" codeSystem="2.16.840.1.113883.5.84" codeSystemName="ObservationMethod" displayName="Count"/>
            </observation>
          </entryRelationship>
        </observation>
    </entryRelationship>
     

    <entryRelationship typeCode="COMP">
        <observation classCode="OBS" moodCode="EVN">
          <templateId root="2.16.840.1.113883.10.20.24.3.55"/>
          <templateId root="2.16.840.1.113883.10.20.27.3.9"/>
          <templateId root="2.16.840.1.113883.10.20.27.3.18"/>
          <id nullFlavor="NI"/>
          <code code="48768-6" codeSystem="2.16.840.1.113883.6.1" codeSystemName="SNOMED-CT" displayName="Payment source"/>
          <statusCode code="completed"/>
          <effectiveTime>
            <low value="20160212"/>
            <high value="20160212"/>
          </effectiveTime>
          <value code="1" codeSystem="2.16.840.1.113883.5.1" codeSystemName="DISPLAY" xsi:type="CD"/>
          <entryRelationship inversionInd="true" typeCode="SUBJ">
            <observation classCode="OBS" moodCode="EVN">
              <templateId root="2.16.840.1.113883.10.20.27.3.3"/>
              <code code="MSRAGG" codeSystem="2.16.840.1.113883.5.4" codeSystemName="ActCode" displayName="rate aggregation"/>
              <value value="1" xsi:type="INT"/>
              <methodCode code="COUNT" codeSystem="2.16.840.1.113883.5.84" codeSystemName="ObservationMethod" displayName="Count"/>
            </observation>
          </entryRelationship>
        </observation>
    </entryRelationship>
    

			<!-- SHALL 1..1  (Note: this is the reference for the entire population starting with the first component
				observation at the top within the measure data template-->
			<reference typeCode="REFR">
				<!-- reference to the relevant population in the eMeasure -->
				<externalObservation classCode="OBS" moodCode="EVN">
					<id root=""/>
				</externalObservation>
			</reference>
		</observation>
	</component>
				

	<component>
		<observation classCode="OBS" moodCode="EVN">
			<!-- Measure Data template -->
			<templateId extension="2016-02-01" root="2.16.840.1.113883.10.20.27.3.5"/>
			<code code="ASSERTION" codeSystem="2.16.840.1.113883.5.4" codeSystemName="ActCode" displayName="Assertion"/>
			<statusCode code="completed"/>
			<!-- SHALL value with SHOULD be from valueSetName="ObservationPopulationInclusion "	valueSetOid="2.16.840.1.113883.1.11.20369"	Binding: Dynamic
			-->
			<value code="NUMER" codeSystem="2.16.840.1.113883.5.4" codeSystemName="ActCode" displayName="Numerator" xsi:type="CD"/>
			<!-- SHALL contain aggregate count template -->
			<entryRelationship inversionInd="true" typeCode="SUBJ">
				<!-- Aggregate Count (2.16.840.1.113883.10.20.27.3.3) -->
				<observation classCode="OBS" moodCode="EVN">
					<!-- Aggregate Count template -->
					<templateId root="2.16.840.1.113883.10.20.27.3.3"/>
					<code code="MSRAGG" codeSystem="2.16.840.1.113883.5.4" codeSystemName="ActCode" displayName="rate aggregation"/>
					<!--  SHALL value xsi:type="INT"-->
					<value value="5" xsi:type="INT"/>
					<methodCode code="COUNT" codeSystem="2.16.840.1.113883.5.84" codeSystemName="ObservationMethod" displayName="Count"/>
				</observation>
			</entryRelationship>
			
    <entryRelationship typeCode="COMP">
    <observation classCode="OBS" moodCode="EVN">
      <templateId root="2.16.840.1.113883.10.20.27.3.7"/>
      <code code="364699009" codeSystem="2.16.840.1.113883.6.96" codeSystemName="SNOMED-CT" displayName="Patient Ethnicity"/>
      <statusCode code="completed"/>
      <value code="1" codeSystem="2.16.840.1.113883.10.20.27.3.8" codeSystemName="Ethnicity" displayName="DISPLAY" xsi:type="CD"/>
      <entryRelationship inversionInd="true" typeCode="SUBJ">
        <observation classCode="OBS" moodCode="EVN">
          <templateId root="2.16.840.1.113883.10.20.27.3.3"/>
          <code code="MSRAGG" codeSystem="2.16.840.1.113883.5.4" codeSystemName="ActCode" displayName="rate aggregation"/>
          <value value="1" xsi:type="INT"/>
          <methodCode code="COUNT" codeSystem="2.16.840.1.113883.5.84" codeSystemName="ObservationMethod" displayName="Count"/>
        </observation>
      </entryRelationship>
    </observation>
    </entryRelationship>
    

    <entryRelationship typeCode="COMP">
    <observation classCode="OBS" moodCode="EVN">
      <templateId root="2.16.840.1.113883.10.20.27.3.7"/>
      <code code="364699009" codeSystem="2.16.840.1.113883.6.96" codeSystemName="SNOMED-CT" displayName="Patient Ethnicity"/>
      <statusCode code="completed"/>
      <value code="2" codeSystem="2.16.840.1.113883.10.20.27.3.8" codeSystemName="Ethnicity" displayName="DISPLAY1" xsi:type="CD"/>
      <entryRelationship inversionInd="true" typeCode="SUBJ">
        <observation classCode="OBS" moodCode="EVN">
          <templateId root="2.16.840.1.113883.10.20.27.3.3"/>
          <code code="MSRAGG" codeSystem="2.16.840.1.113883.5.4" codeSystemName="ActCode" displayName="rate aggregation"/>
          <value value="2" xsi:type="INT"/>
          <methodCode code="COUNT" codeSystem="2.16.840.1.113883.5.84" codeSystemName="ObservationMethod" displayName="Count"/>
        </observation>
      </entryRelationship>
    </observation>
    </entryRelationship>
    

    <entryRelationship typeCode="COMP">
    <observation classCode="OBS" moodCode="EVN">
      <templateId root="2.16.840.1.113883.10.20.27.3.8"/>
      <code code="103579009" codeSystem="2.16.840.1.113883.6.96" codeSystemName="SNOMED-CT" displayName="Patient Race"/>
      <statusCode code="completed"/>
      <value code="1" codeSystem="2.16.840.1.113883.10.20.27.3.8" codeSystemName="Race" displayName="DISPLAY" xsi:type="CD"/>
      <entryRelationship inversionInd="true" typeCode="SUBJ">
        <observation classCode="OBS" moodCode="EVN">
          <templateId root="2.16.840.1.113883.10.20.27.3.3"/>
          <code code="MSRAGG" codeSystem="2.16.840.1.113883.5.4" codeSystemName="ActCode" displayName="rate aggregation"/>
          <value value="1" xsi:type="INT"/>
          <methodCode code="COUNT" codeSystem="2.16.840.1.113883.5.84" codeSystemName="ObservationMethod" displayName="Count"/>
        </observation>
      </entryRelationship>
    </observation>
    </entryRelationship>
    

    <entryRelationship typeCode="COMP">
        <observation classCode="OBS" moodCode="EVN">
          <templateId root="2.16.840.1.113883.10.20.27.3.6"/>
          <code code="184100006" codeSystem="2.16.840.1.113883.6.96" codeSystemName="SNOMED-CT" displayName="Patient Sex"/>
          <statusCode code="completed"/>
          <value code="1" codeSystem="2.16.840.1.113883.5.1" codeSystemName="Sex" displayName="Female" xsi:type="CD"/>
          <entryRelationship inversionInd="true" typeCode="SUBJ">
            <observation classCode="OBS" moodCode="EVN">
              <templateId root="2.16.840.1.113883.10.20.27.3.3"/>
              <code code="MSRAGG" codeSystem="2.16.840.1.113883.5.4" codeSystemName="ActCode" displayName="rate aggregation"/>
              <value value="1" xsi:type="INT"/>
              <methodCode code="COUNT" codeSystem="2.16.840.1.113883.5.84" codeSystemName="ObservationMethod" displayName="Count"/>
            </observation>
          </entryRelationship>
        </observation>
    </entryRelationship>
     

    <entryRelationship typeCode="COMP">
        <observation classCode="OBS" moodCode="EVN">
          <templateId root="2.16.840.1.113883.10.20.27.3.6"/>
          <code code="184100006" codeSystem="2.16.840.1.113883.6.96" codeSystemName="SNOMED-CT" displayName="Patient Sex"/>
          <statusCode code="completed"/>
          <value code="2" codeSystem="2.16.840.1.113883.5.1" codeSystemName="Sex" displayName="Male" xsi:type="CD"/>
          <entryRelationship inversionInd="true" typeCode="SUBJ">
            <observation classCode="OBS" moodCode="EVN">
              <templateId root="2.16.840.1.113883.10.20.27.3.3"/>
              <code code="MSRAGG" codeSystem="2.16.840.1.113883.5.4" codeSystemName="ActCode" displayName="rate aggregation"/>
              <value value="2" xsi:type="INT"/>
              <methodCode code="COUNT" codeSystem="2.16.840.1.113883.5.84" codeSystemName="ObservationMethod" displayName="Count"/>
            </observation>
          </entryRelationship>
        </observation>
    </entryRelationship>
     

    <entryRelationship typeCode="COMP">
        <observation classCode="OBS" moodCode="EVN">
          <templateId root="2.16.840.1.113883.10.20.24.3.55"/>
          <templateId root="2.16.840.1.113883.10.20.27.3.9"/>
          <templateId root="2.16.840.1.113883.10.20.27.3.18"/>
          <id nullFlavor="NI"/>
          <code code="48768-6" codeSystem="2.16.840.1.113883.6.1" codeSystemName="SNOMED-CT" displayName="Payment source"/>
          <statusCode code="completed"/>
          <effectiveTime>
            <low value="20160212"/>
            <high value="20160212"/>
          </effectiveTime>
          <value code="1" codeSystem="2.16.840.1.113883.5.1" codeSystemName="DISPLAY" xsi:type="CD"/>
          <entryRelationship inversionInd="true" typeCode="SUBJ">
            <observation classCode="OBS" moodCode="EVN">
              <templateId root="2.16.840.1.113883.10.20.27.3.3"/>
              <code code="MSRAGG" codeSystem="2.16.840.1.113883.5.4" codeSystemName="ActCode" displayName="rate aggregation"/>
              <value value="1" xsi:type="INT"/>
              <methodCode code="COUNT" codeSystem="2.16.840.1.113883.5.84" codeSystemName="ObservationMethod" displayName="Count"/>
            </observation>
          </entryRelationship>
        </observation>
    </entryRelationship>
    

			<!-- SHALL 1..1  (Note: this is the reference for the entire population starting with the first component
				observation at the top within the measure data template-->
			<reference typeCode="REFR">
				<!-- reference to the relevant population in the eMeasure -->
				<externalObservation classCode="OBS" moodCode="EVN">
					<id root="14a01d7a-b936-4148-889f-c9b1a8b3d8a3"/>
				</externalObservation>
			</reference>
		</observation>
	</component>
				

	<component>
		<observation classCode="OBS" moodCode="EVN">
			<!-- Measure Data template -->
			<templateId extension="2016-02-01" root="2.16.840.1.113883.10.20.27.3.5"/>
			<code code="ASSERTION" codeSystem="2.16.840.1.113883.5.4" codeSystemName="ActCode" displayName="Assertion"/>
			<statusCode code="completed"/>
			<!-- SHALL value with SHOULD be from valueSetName="ObservationPopulationInclusion "	valueSetOid="2.16.840.1.113883.1.11.20369"	Binding: Dynamic
			-->
			<value code="DENEXCEP" codeSystem="2.16.840.1.113883.5.4" codeSystemName="ActCode" displayName="Denominator Exceptions" xsi:type="CD"/>
			<!-- SHALL contain aggregate count template -->
			<entryRelationship inversionInd="true" typeCode="SUBJ">
				<!-- Aggregate Count (2.16.840.1.113883.10.20.27.3.3) -->
				<observation classCode="OBS" moodCode="EVN">
					<!-- Aggregate Count template -->
					<templateId root="2.16.840.1.113883.10.20.27.3.3"/>
					<code code="MSRAGG" codeSystem="2.16.840.1.113883.5.4" codeSystemName="ActCode" displayName="rate aggregation"/>
					<!--  SHALL value xsi:type="INT"-->
					<!-- In this case the count is 0, but it's a population,
					so send the count. -->
					<value value="1" xsi:type="INT"/>
					<methodCode code="COUNT" codeSystem="2.16.840.1.113883.5.84" codeSystemName="ObservationMethod" displayName="Count"/>
				</observation>
			</entryRelationship>
			
    <entryRelationship typeCode="COMP">
    <observation classCode="OBS" moodCode="EVN">
      <templateId root="2.16.840.1.113883.10.20.27.3.7"/>
      <code code="364699009" codeSystem="2.16.840.1.113883.6.96" codeSystemName="SNOMED-CT" displayName="Patient Ethnicity"/>
      <statusCode code="completed"/>
      <value code="1" codeSystem="2.16.840.1.113883.10.20.27.3.8" codeSystemName="Ethnicity" displayName="DISPLAY" xsi:type="CD"/>
      <entryRelationship inversionInd="true" typeCode="SUBJ">
        <observation classCode="OBS" moodCode="EVN">
          <templateId root="2.16.840.1.113883.10.20.27.3.3"/>
          <code code="MSRAGG" codeSystem="2.16.840.1.113883.5.4" codeSystemName="ActCode" displayName="rate aggregation"/>
          <value value="1" xsi:type="INT"/>
          <methodCode code="COUNT" codeSystem="2.16.840.1.113883.5.84" codeSystemName="ObservationMethod" displayName="Count"/>
        </observation>
      </entryRelationship>
    </observation>
    </entryRelationship>
    

    <entryRelationship typeCode="COMP">
    <observation classCode="OBS" moodCode="EVN">
      <templateId root="2.16.840.1.113883.10.20.27.3.7"/>
      <code code="364699009" codeSystem="2.16.840.1.113883.6.96" codeSystemName="SNOMED-CT" displayName="Patient Ethnicity"/>
      <statusCode code="completed"/>
      <value code="2" codeSystem="2.16.840.1.113883.10.20.27.3.8" codeSystemName="Ethnicity" displayName="DISPLAY1" xsi:type="CD"/>
      <entryRelationship inversionInd="true" typeCode="SUBJ">
        <observation classCode="OBS" moodCode="EVN">
          <templateId root="2.16.840.1.113883.10.20.27.3.3"/>
          <code code="MSRAGG" codeSystem="2.16.840.1.113883.5.4" codeSystemName="ActCode" displayName="rate aggregation"/>
          <value value="2" xsi:type="INT"/>
          <methodCode code="COUNT" codeSystem="2.16.840.1.113883.5.84" codeSystemName="ObservationMethod" displayName="Count"/>
        </observation>
      </entryRelationship>
    </observation>
    </entryRelationship>
    

    <entryRelationship typeCode="COMP">
    <observation classCode="OBS" moodCode="EVN">
      <templateId root="2.16.840.1.113883.10.20.27.3.8"/>
      <code code="103579009" codeSystem="2.16.840.1.113883.6.96" codeSystemName="SNOMED-CT" displayName="Patient Race"/>
      <statusCode code="completed"/>
      <value code="1" codeSystem="2.16.840.1.113883.10.20.27.3.8" codeSystemName="Race" displayName="DISPLAY" xsi:type="CD"/>
      <entryRelationship inversionInd="true" typeCode="SUBJ">
        <observation classCode="OBS" moodCode="EVN">
          <templateId root="2.16.840.1.113883.10.20.27.3.3"/>
          <code code="MSRAGG" codeSystem="2.16.840.1.113883.5.4" codeSystemName="ActCode" displayName="rate aggregation"/>
          <value value="1" xsi:type="INT"/>
          <methodCode code="COUNT" codeSystem="2.16.840.1.113883.5.84" codeSystemName="ObservationMethod" displayName="Count"/>
        </observation>
      </entryRelationship>
    </observation>
    </entryRelationship>
    

    <entryRelationship typeCode="COMP">
        <observation classCode="OBS" moodCode="EVN">
          <templateId root="2.16.840.1.113883.10.20.27.3.6"/>
          <code code="184100006" codeSystem="2.16.840.1.113883.6.96" codeSystemName="SNOMED-CT" displayName="Patient Sex"/>
          <statusCode code="completed"/>
          <value code="1" codeSystem="2.16.840.1.113883.5.1" codeSystemName="Sex" displayName="Female" xsi:type="CD"/>
          <entryRelationship inversionInd="true" typeCode="SUBJ">
            <observation classCode="OBS" moodCode="EVN">
              <templateId root="2.16.840.1.113883.10.20.27.3.3"/>
              <code code="MSRAGG" codeSystem="2.16.840.1.113883.5.4" codeSystemName="ActCode" displayName="rate aggregation"/>
              <value value="1" xsi:type="INT"/>
              <methodCode code="COUNT" codeSystem="2.16.840.1.113883.5.84" codeSystemName="ObservationMethod" displayName="Count"/>
            </observation>
          </entryRelationship>
        </observation>
    </entryRelationship>
     

    <entryRelationship typeCode="COMP">
        <observation classCode="OBS" moodCode="EVN">
          <templateId root="2.16.840.1.113883.10.20.27.3.6"/>
          <code code="184100006" codeSystem="2.16.840.1.113883.6.96" codeSystemName="SNOMED-CT" displayName="Patient Sex"/>
          <statusCode code="completed"/>
          <value code="2" codeSystem="2.16.840.1.113883.5.1" codeSystemName="Sex" displayName="Male" xsi:type="CD"/>
          <entryRelationship inversionInd="true" typeCode="SUBJ">
            <observation classCode="OBS" moodCode="EVN">
              <templateId root="2.16.840.1.113883.10.20.27.3.3"/>
              <code code="MSRAGG" codeSystem="2.16.840.1.113883.5.4" codeSystemName="ActCode" displayName="rate aggregation"/>
              <value value="2" xsi:type="INT"/>
              <methodCode code="COUNT" codeSystem="2.16.840.1.113883.5.84" codeSystemName="ObservationMethod" displayName="Count"/>
            </observation>
          </entryRelationship>
        </observation>
    </entryRelationship>
     

    <entryRelationship typeCode="COMP">
        <observation classCode="OBS" moodCode="EVN">
          <templateId root="2.16.840.1.113883.10.20.24.3.55"/>
          <templateId root="2.16.840.1.113883.10.20.27.3.9"/>
          <templateId root="2.16.840.1.113883.10.20.27.3.18"/>
          <id nullFlavor="NI"/>
          <code code="48768-6" codeSystem="2.16.840.1.113883.6.1" codeSystemName="SNOMED-CT" displayName="Payment source"/>
          <statusCode code="completed"/>
          <effectiveTime>
            <low value="20160212"/>
            <high value="20160212"/>
          </effectiveTime>
          <value code="1" codeSystem="2.16.840.1.113883.5.1" codeSystemName="DISPLAY" xsi:type="CD"/>
          <entryRelationship inversionInd="true" typeCode="SUBJ">
            <observation classCode="OBS" moodCode="EVN">
              <templateId root="2.16.840.1.113883.10.20.27.3.3"/>
              <code code="MSRAGG" codeSystem="2.16.840.1.113883.5.4" codeSystemName="ActCode" displayName="rate aggregation"/>
              <value value="1" xsi:type="INT"/>
              <methodCode code="COUNT" codeSystem="2.16.840.1.113883.5.84" codeSystemName="ObservationMethod" displayName="Count"/>
            </observation>
          </entryRelationship>
        </observation>
    </entryRelationship>
    

			<!-- SHALL 1..1  (Note: this is the reference for the entire population starting with the first component
				observation at the top within the measure data template-->
			<reference typeCode="REFR">
				<!-- reference to the relevant population in the eMeasure -->
				<externalObservation classCode="OBS" moodCode="EVN">
					<id root="6c8d1f46-3a00-4b7b-bafa-a2fe49499ae2"/>
				</externalObservation>
			</reference>
		</observation>
	</component>
				
          
        </organizer>
    </entry>
    

    <entry>
        <organizer classCode="CLUSTER" moodCode="EVN">
          <templateId root="2.16.840.1.113883.10.20.24.3.98"/>
          <templateId root="2.16.840.1.113883.10.20.27.3.1"/>
          <templateId root="2.16.840.1.113883.10.20.27.3.17"/>
          <id extension="13d52c54-9491-4fb2-bea5-33c9cb3396e5"/>
          <statusCode code="completed"/>
          <reference typeCode="REFR">
            <externalDocument classCode="DOC" moodCode="EVN">
              <id extension="40280381-4555-e1c1-0145-dc7dc26a44bf   " root="2.16.840.1.113883.4.738"/>
              <code code="57024-2" codeSystem="2.16.840.1.113883.6.1" codeSystemName="LOINC"/>
              <text>Documentation of Current Medications in the Medical Record</text>
              <setId root="9A032D9C-3D9B-11E1-8634-00237D5BF174   "/>
              <versionNumber value="4"/>        
            </externalDocument>
          </reference>
          

	<!-- Optional performance rate template -->
	<component>
		<observation classCode="OBS" moodCode="EVN">
			<!-- MAY 0..1 Performance Rate for Proportion Measure template -->
			<templateId root="2.16.840.1.113883.10.20.27.3.14"/>
			<code code="72510-1" codeSystem="2.16.840.1.113883.6.1" codeSystemName="2.16.840.1.113883.6.1" displayName="Performance Rate"/>
			<statusCode code="completed"/>
			<value value="0.833" xsi:type="REAL"/>
			<!-- MAY 0..1  (Note: this is the reference to the specific Numerator included in the calculation) -->
			<reference typeCode="REFR">
				<externalObservation classCode="OBS" moodCode="EVN">
					<!-- 
					The externalObservationID contains the ID of the numerator in the referenced eMeasure.
					-->
					<id root="63DD3232-4F74-4FA2-B5CF-A7B7DC8BC5B9"/>
					<code code="NUMER" codeSystem="2.16.840.1.113883.5.4" codeSystemName="ActCode" displayName="Numerator"/>
				</externalObservation>
			</reference>
			<!-- MAY 0..1 Used to represent the predicted rate based on the measure’s risk-adjustment model. -->
			<referenceRange>
				<observationRange>
					<value value="0.625" xsi:type="REAL"/>
				</observationRange>
			</referenceRange>
		</observation>
	</component>


          

	<!-- Optional reporting rate template -->
	<component>
		<observation classCode="OBS" moodCode="EVN">
			<!-- MAY 0..1 Reporting Rate for Proportion Measure template -->
			<templateId root="2.16.840.1.113883.10.20.27.3.15"/>
			<code code="72509-3" codeSystem="2.16.840.1.113883.6.1" codeSystemName="2.16.840.1.113883.6.1" displayName="Reporting Rate"/>
			<statusCode code="completed"/>
			<value value="0.84" xsi:type="REAL"/>
		</observation>
	</component>

          
          
	<component>
		<observation classCode="OBS" moodCode="EVN">
				<!-- Measure Data template -->
				<templateId extension="2016-02-01" root="2.16.840.1.113883.10.20.27.3.5"/>
				<code code="ASSERTION" codeSystem="2.16.840.1.113883.5.4" codeSystemName="ActCode" displayName="Assertion"/>
				<statusCode code="completed"/>
				<!-- SHALL value with SHOULD be from valueSetName="ObservationPopulationInclusion"	
					valueSetOid="2.16.840.1.113883.1.11.20369"	Binding: Dynamic
				-->
				<value code="IPOP" codeSystem="2.16.840.1.113883.5.4" codeSystemName="ActCode" displayName="initial patient population" xsi:type="CD"/>
				<!-- SHALL contain aggregate count template -->
				<entryRelationship inversionInd="true" typeCode="SUBJ">
					<!-- Aggregate Count (2.16.840.1.113883.10.20.27.3.3) -->
					<observation classCode="OBS" moodCode="EVN">
						<!-- Aggregate Count template -->
						<templateId root="2.16.840.1.113883.10.20.27.3.3"/>
						<!-- SHALL single value binding -->
						<code code="MSRAGG" codeSystem="2.16.840.1.113883.5.4" codeSystemName="ActCode" displayName="rate aggregation"/>
						<!--  SHALL value xsi:type="INT"-->
						<value value="50" xsi:type="INT"/>
						<methodCode code="COUNT" codeSystem="2.16.840.1.113883.5.84" codeSystemName="ObservationMethod" displayName="Count"/>
					</observation>
				</entryRelationship>
				
    <entryRelationship typeCode="COMP">
    <observation classCode="OBS" moodCode="EVN">
      <templateId root="2.16.840.1.113883.10.20.27.3.7"/>
      <code code="364699009" codeSystem="2.16.840.1.113883.6.96" codeSystemName="SNOMED-CT" displayName="Patient Ethnicity"/>
      <statusCode code="completed"/>
      <value code="1" codeSystem="2.16.840.1.113883.10.20.27.3.8" codeSystemName="Ethnicity" displayName="DISPLAY" xsi:type="CD"/>
      <entryRelationship inversionInd="true" typeCode="SUBJ">
        <observation classCode="OBS" moodCode="EVN">
          <templateId root="2.16.840.1.113883.10.20.27.3.3"/>
          <code code="MSRAGG" codeSystem="2.16.840.1.113883.5.4" codeSystemName="ActCode" displayName="rate aggregation"/>
          <value value="1" xsi:type="INT"/>
          <methodCode code="COUNT" codeSystem="2.16.840.1.113883.5.84" codeSystemName="ObservationMethod" displayName="Count"/>
        </observation>
      </entryRelationship>
    </observation>
    </entryRelationship>
    

    <entryRelationship typeCode="COMP">
    <observation classCode="OBS" moodCode="EVN">
      <templateId root="2.16.840.1.113883.10.20.27.3.7"/>
      <code code="364699009" codeSystem="2.16.840.1.113883.6.96" codeSystemName="SNOMED-CT" displayName="Patient Ethnicity"/>
      <statusCode code="completed"/>
      <value code="2" codeSystem="2.16.840.1.113883.10.20.27.3.8" codeSystemName="Ethnicity" displayName="DISPLAY1" xsi:type="CD"/>
      <entryRelationship inversionInd="true" typeCode="SUBJ">
        <observation classCode="OBS" moodCode="EVN">
          <templateId root="2.16.840.1.113883.10.20.27.3.3"/>
          <code code="MSRAGG" codeSystem="2.16.840.1.113883.5.4" codeSystemName="ActCode" displayName="rate aggregation"/>
          <value value="2" xsi:type="INT"/>
          <methodCode code="COUNT" codeSystem="2.16.840.1.113883.5.84" codeSystemName="ObservationMethod" displayName="Count"/>
        </observation>
      </entryRelationship>
    </observation>
    </entryRelationship>
    

    <entryRelationship typeCode="COMP">
    <observation classCode="OBS" moodCode="EVN">
      <templateId root="2.16.840.1.113883.10.20.27.3.8"/>
      <code code="103579009" codeSystem="2.16.840.1.113883.6.96" codeSystemName="SNOMED-CT" displayName="Patient Race"/>
      <statusCode code="completed"/>
      <value code="1" codeSystem="2.16.840.1.113883.10.20.27.3.8" codeSystemName="Race" displayName="DISPLAY" xsi:type="CD"/>
      <entryRelationship inversionInd="true" typeCode="SUBJ">
        <observation classCode="OBS" moodCode="EVN">
          <templateId root="2.16.840.1.113883.10.20.27.3.3"/>
          <code code="MSRAGG" codeSystem="2.16.840.1.113883.5.4" codeSystemName="ActCode" displayName="rate aggregation"/>
          <value value="1" xsi:type="INT"/>
          <methodCode code="COUNT" codeSystem="2.16.840.1.113883.5.84" codeSystemName="ObservationMethod" displayName="Count"/>
        </observation>
      </entryRelationship>
    </observation>
    </entryRelationship>
    

    <entryRelationship typeCode="COMP">
        <observation classCode="OBS" moodCode="EVN">
          <templateId root="2.16.840.1.113883.10.20.27.3.6"/>
          <code code="184100006" codeSystem="2.16.840.1.113883.6.96" codeSystemName="SNOMED-CT" displayName="Patient Sex"/>
          <statusCode code="completed"/>
          <value code="1" codeSystem="2.16.840.1.113883.5.1" codeSystemName="Sex" displayName="Female" xsi:type="CD"/>
          <entryRelationship inversionInd="true" typeCode="SUBJ">
            <observation classCode="OBS" moodCode="EVN">
              <templateId root="2.16.840.1.113883.10.20.27.3.3"/>
              <code code="MSRAGG" codeSystem="2.16.840.1.113883.5.4" codeSystemName="ActCode" displayName="rate aggregation"/>
              <value value="1" xsi:type="INT"/>
              <methodCode code="COUNT" codeSystem="2.16.840.1.113883.5.84" codeSystemName="ObservationMethod" displayName="Count"/>
            </observation>
          </entryRelationship>
        </observation>
    </entryRelationship>
     

    <entryRelationship typeCode="COMP">
        <observation classCode="OBS" moodCode="EVN">
          <templateId root="2.16.840.1.113883.10.20.27.3.6"/>
          <code code="184100006" codeSystem="2.16.840.1.113883.6.96" codeSystemName="SNOMED-CT" displayName="Patient Sex"/>
          <statusCode code="completed"/>
          <value code="2" codeSystem="2.16.840.1.113883.5.1" codeSystemName="Sex" displayName="Male" xsi:type="CD"/>
          <entryRelationship inversionInd="true" typeCode="SUBJ">
            <observation classCode="OBS" moodCode="EVN">
              <templateId root="2.16.840.1.113883.10.20.27.3.3"/>
              <code code="MSRAGG" codeSystem="2.16.840.1.113883.5.4" codeSystemName="ActCode" displayName="rate aggregation"/>
              <value value="2" xsi:type="INT"/>
              <methodCode code="COUNT" codeSystem="2.16.840.1.113883.5.84" codeSystemName="ObservationMethod" displayName="Count"/>
            </observation>
          </entryRelationship>
        </observation>
    </entryRelationship>
     

    <entryRelationship typeCode="COMP">
        <observation classCode="OBS" moodCode="EVN">
          <templateId root="2.16.840.1.113883.10.20.24.3.55"/>
          <templateId root="2.16.840.1.113883.10.20.27.3.9"/>
          <templateId root="2.16.840.1.113883.10.20.27.3.18"/>
          <id nullFlavor="NI"/>
          <code code="48768-6" codeSystem="2.16.840.1.113883.6.1" codeSystemName="SNOMED-CT" displayName="Payment source"/>
          <statusCode code="completed"/>
          <effectiveTime>
            <low value="20160212"/>
            <high value="20160212"/>
          </effectiveTime>
          <value code="1" codeSystem="2.16.840.1.113883.5.1" codeSystemName="DISPLAY" xsi:type="CD"/>
          <entryRelationship inversionInd="true" typeCode="SUBJ">
            <observation classCode="OBS" moodCode="EVN">
              <templateId root="2.16.840.1.113883.10.20.27.3.3"/>
              <code code="MSRAGG" codeSystem="2.16.840.1.113883.5.4" codeSystemName="ActCode" displayName="rate aggregation"/>
              <value value="1" xsi:type="INT"/>
              <methodCode code="COUNT" codeSystem="2.16.840.1.113883.5.84" codeSystemName="ObservationMethod" displayName="Count"/>
            </observation>
          </entryRelationship>
        </observation>
    </entryRelationship>
    

				<!-- SHALL 1..1  (Note: this is the reference for the entire population starting with the first component
					observation at the top within the measure data template-->
				<reference typeCode="REFR">
					<!-- reference to the relevant population in the eMeasure -->
					<externalObservation classCode="OBS" moodCode="EVN">
						<id root="DC87C081-5272-4E9A-B10A-F607FCEB560B"/>
					</externalObservation>
				</reference>
		</observation>
	</component>
				

	<component>
		<observation classCode="OBS" moodCode="EVN">
			<!-- Measure Data template -->
			<templateId extension="2016-02-01" root="2.16.840.1.113883.10.20.27.3.5"/>
			<code code="ASSERTION" codeSystem="2.16.840.1.113883.5.4" codeSystemName="ActCode" displayName="Assertion"/>
			<statusCode code="completed"/>
			<!-- SHALL value with SHOULD be from valueSetName="ObservationPopulationInclusion "	valueSetOid="2.16.840.1.113883.1.11.20369"	Binding: Dynamic
			-->
			<value code="DENOM" codeSystem="2.16.840.1.113883.5.4" codeSystemName="ActCode" displayName="Denominator" xsi:type="CD"/>
			<!-- SHALL contain aggregate count template -->
			<entryRelationship inversionInd="true" typeCode="SUBJ">
				<!-- Aggregate Count (2.16.840.1.113883.10.20.27.3.3) -->
				<observation classCode="OBS" moodCode="EVN">
					<!-- Aggregate Count template -->
					<templateId root="2.16.840.1.113883.10.20.27.3.3"/>
					<!-- SHALL single value binding -->
					<code code="MSRAGG" codeSystem="2.16.840.1.113883.5.4" codeSystemName="ActCode" displayName="rate aggregation"/>
					<!--  SHALL value xsi:type="INT"-->
					<value value="10" xsi:type="INT"/>
					<methodCode code="COUNT" codeSystem="2.16.840.1.113883.5.84" codeSystemName="ObservationMethod" displayName="Count"/>
				</observation>
			</entryRelationship>
			
    <entryRelationship typeCode="COMP">
    <observation classCode="OBS" moodCode="EVN">
      <templateId root="2.16.840.1.113883.10.20.27.3.7"/>
      <code code="364699009" codeSystem="2.16.840.1.113883.6.96" codeSystemName="SNOMED-CT" displayName="Patient Ethnicity"/>
      <statusCode code="completed"/>
      <value code="1" codeSystem="2.16.840.1.113883.10.20.27.3.8" codeSystemName="Ethnicity" displayName="DISPLAY" xsi:type="CD"/>
      <entryRelationship inversionInd="true" typeCode="SUBJ">
        <observation classCode="OBS" moodCode="EVN">
          <templateId root="2.16.840.1.113883.10.20.27.3.3"/>
          <code code="MSRAGG" codeSystem="2.16.840.1.113883.5.4" codeSystemName="ActCode" displayName="rate aggregation"/>
          <value value="1" xsi:type="INT"/>
          <methodCode code="COUNT" codeSystem="2.16.840.1.113883.5.84" codeSystemName="ObservationMethod" displayName="Count"/>
        </observation>
      </entryRelationship>
    </observation>
    </entryRelationship>
    

    <entryRelationship typeCode="COMP">
    <observation classCode="OBS" moodCode="EVN">
      <templateId root="2.16.840.1.113883.10.20.27.3.7"/>
      <code code="364699009" codeSystem="2.16.840.1.113883.6.96" codeSystemName="SNOMED-CT" displayName="Patient Ethnicity"/>
      <statusCode code="completed"/>
      <value code="2" codeSystem="2.16.840.1.113883.10.20.27.3.8" codeSystemName="Ethnicity" displayName="DISPLAY1" xsi:type="CD"/>
      <entryRelationship inversionInd="true" typeCode="SUBJ">
        <observation classCode="OBS" moodCode="EVN">
          <templateId root="2.16.840.1.113883.10.20.27.3.3"/>
          <code code="MSRAGG" codeSystem="2.16.840.1.113883.5.4" codeSystemName="ActCode" displayName="rate aggregation"/>
          <value value="2" xsi:type="INT"/>
          <methodCode code="COUNT" codeSystem="2.16.840.1.113883.5.84" codeSystemName="ObservationMethod" displayName="Count"/>
        </observation>
      </entryRelationship>
    </observation>
    </entryRelationship>
    

    <entryRelationship typeCode="COMP">
    <observation classCode="OBS" moodCode="EVN">
      <templateId root="2.16.840.1.113883.10.20.27.3.8"/>
      <code code="103579009" codeSystem="2.16.840.1.113883.6.96" codeSystemName="SNOMED-CT" displayName="Patient Race"/>
      <statusCode code="completed"/>
      <value code="1" codeSystem="2.16.840.1.113883.10.20.27.3.8" codeSystemName="Race" displayName="DISPLAY" xsi:type="CD"/>
      <entryRelationship inversionInd="true" typeCode="SUBJ">
        <observation classCode="OBS" moodCode="EVN">
          <templateId root="2.16.840.1.113883.10.20.27.3.3"/>
          <code code="MSRAGG" codeSystem="2.16.840.1.113883.5.4" codeSystemName="ActCode" displayName="rate aggregation"/>
          <value value="1" xsi:type="INT"/>
          <methodCode code="COUNT" codeSystem="2.16.840.1.113883.5.84" codeSystemName="ObservationMethod" displayName="Count"/>
        </observation>
      </entryRelationship>
    </observation>
    </entryRelationship>
    

    <entryRelationship typeCode="COMP">
        <observation classCode="OBS" moodCode="EVN">
          <templateId root="2.16.840.1.113883.10.20.27.3.6"/>
          <code code="184100006" codeSystem="2.16.840.1.113883.6.96" codeSystemName="SNOMED-CT" displayName="Patient Sex"/>
          <statusCode code="completed"/>
          <value code="1" codeSystem="2.16.840.1.113883.5.1" codeSystemName="Sex" displayName="Female" xsi:type="CD"/>
          <entryRelationship inversionInd="true" typeCode="SUBJ">
            <observation classCode="OBS" moodCode="EVN">
              <templateId root="2.16.840.1.113883.10.20.27.3.3"/>
              <code code="MSRAGG" codeSystem="2.16.840.1.113883.5.4" codeSystemName="ActCode" displayName="rate aggregation"/>
              <value value="1" xsi:type="INT"/>
              <methodCode code="COUNT" codeSystem="2.16.840.1.113883.5.84" codeSystemName="ObservationMethod" displayName="Count"/>
            </observation>
          </entryRelationship>
        </observation>
    </entryRelationship>
     

    <entryRelationship typeCode="COMP">
        <observation classCode="OBS" moodCode="EVN">
          <templateId root="2.16.840.1.113883.10.20.27.3.6"/>
          <code code="184100006" codeSystem="2.16.840.1.113883.6.96" codeSystemName="SNOMED-CT" displayName="Patient Sex"/>
          <statusCode code="completed"/>
          <value code="2" codeSystem="2.16.840.1.113883.5.1" codeSystemName="Sex" displayName="Male" xsi:type="CD"/>
          <entryRelationship inversionInd="true" typeCode="SUBJ">
            <observation classCode="OBS" moodCode="EVN">
              <templateId root="2.16.840.1.113883.10.20.27.3.3"/>
              <code code="MSRAGG" codeSystem="2.16.840.1.113883.5.4" codeSystemName="ActCode" displayName="rate aggregation"/>
              <value value="2" xsi:type="INT"/>
              <methodCode code="COUNT" codeSystem="2.16.840.1.113883.5.84" codeSystemName="ObservationMethod" displayName="Count"/>
            </observation>
          </entryRelationship>
        </observation>
    </entryRelationship>
     

    <entryRelationship typeCode="COMP">
        <observation classCode="OBS" moodCode="EVN">
          <templateId root="2.16.840.1.113883.10.20.24.3.55"/>
          <templateId root="2.16.840.1.113883.10.20.27.3.9"/>
          <templateId root="2.16.840.1.113883.10.20.27.3.18"/>
          <id nullFlavor="NI"/>
          <code code="48768-6" codeSystem="2.16.840.1.113883.6.1" codeSystemName="SNOMED-CT" displayName="Payment source"/>
          <statusCode code="completed"/>
          <effectiveTime>
            <low value="20160212"/>
            <high value="20160212"/>
          </effectiveTime>
          <value code="1" codeSystem="2.16.840.1.113883.5.1" codeSystemName="DISPLAY" xsi:type="CD"/>
          <entryRelationship inversionInd="true" typeCode="SUBJ">
            <observation classCode="OBS" moodCode="EVN">
              <templateId root="2.16.840.1.113883.10.20.27.3.3"/>
              <code code="MSRAGG" codeSystem="2.16.840.1.113883.5.4" codeSystemName="ActCode" displayName="rate aggregation"/>
              <value value="1" xsi:type="INT"/>
              <methodCode code="COUNT" codeSystem="2.16.840.1.113883.5.84" codeSystemName="ObservationMethod" displayName="Count"/>
            </observation>
          </entryRelationship>
        </observation>
    </entryRelationship>
    

			<!-- SHALL 1..1  (Note: this is the reference for the entire population starting with the first component
				observation at the top within the measure data template-->
			<reference typeCode="REFR">
				<!-- reference to the relevant population in the eMeasure -->
				<externalObservation classCode="OBS" moodCode="EVN">
					<id root="169025B4-2133-44F9-9879-9014A2028C81"/>
				</externalObservation>
			</reference>
		</observation>
	</component>
				

	<component>
		<observation classCode="OBS" moodCode="EVN">
			<!-- Measure Data template -->
			<templateId extension="2016-02-01" root="2.16.840.1.113883.10.20.27.3.5"/>
			<code code="ASSERTION" codeSystem="2.16.840.1.113883.5.4" codeSystemName="ActCode" displayName="Assertion"/>
			<statusCode code="completed"/>
			<!-- SHALL value with SHOULD be from valueSetName="ObservationPopulationInclusion "	valueSetOid="2.16.840.1.113883.1.11.20369"	Binding: Dynamic
			-->
			<value code="DENEX" codeSystem="2.16.840.1.113883.5.4" codeSystemName="ActCode" displayName="Denominator Exclusions" xsi:type="CD"/>
			<!-- SHALL contain aggregate count template -->
			<entryRelationship inversionInd="true" typeCode="SUBJ">
				<!-- Aggregate Count (2.16.840.1.113883.10.20.27.3.3) -->
				<observation classCode="OBS" moodCode="EVN">
					<!-- Aggregate Count template -->
					<templateId root="2.16.840.1.113883.10.20.27.3.3"/>
					<code code="MSRAGG" codeSystem="2.16.840.1.113883.5.4" codeSystemName="ActCode" displayName="rate aggregation"/>
					<!--  SHALL value xsi:type="INT"-->
					<value value="20" xsi:type="INT"/>
					<methodCode code="COUNT" codeSystem="2.16.840.1.113883.5.84" codeSystemName="ObservationMethod" displayName="Count"/>
				</observation>
			</entryRelationship>
			
    <entryRelationship typeCode="COMP">
    <observation classCode="OBS" moodCode="EVN">
      <templateId root="2.16.840.1.113883.10.20.27.3.7"/>
      <code code="364699009" codeSystem="2.16.840.1.113883.6.96" codeSystemName="SNOMED-CT" displayName="Patient Ethnicity"/>
      <statusCode code="completed"/>
      <value code="1" codeSystem="2.16.840.1.113883.10.20.27.3.8" codeSystemName="Ethnicity" displayName="DISPLAY" xsi:type="CD"/>
      <entryRelationship inversionInd="true" typeCode="SUBJ">
        <observation classCode="OBS" moodCode="EVN">
          <templateId root="2.16.840.1.113883.10.20.27.3.3"/>
          <code code="MSRAGG" codeSystem="2.16.840.1.113883.5.4" codeSystemName="ActCode" displayName="rate aggregation"/>
          <value value="1" xsi:type="INT"/>
          <methodCode code="COUNT" codeSystem="2.16.840.1.113883.5.84" codeSystemName="ObservationMethod" displayName="Count"/>
        </observation>
      </entryRelationship>
    </observation>
    </entryRelationship>
    

    <entryRelationship typeCode="COMP">
    <observation classCode="OBS" moodCode="EVN">
      <templateId root="2.16.840.1.113883.10.20.27.3.7"/>
      <code code="364699009" codeSystem="2.16.840.1.113883.6.96" codeSystemName="SNOMED-CT" displayName="Patient Ethnicity"/>
      <statusCode code="completed"/>
      <value code="2" codeSystem="2.16.840.1.113883.10.20.27.3.8" codeSystemName="Ethnicity" displayName="DISPLAY1" xsi:type="CD"/>
      <entryRelationship inversionInd="true" typeCode="SUBJ">
        <observation classCode="OBS" moodCode="EVN">
          <templateId root="2.16.840.1.113883.10.20.27.3.3"/>
          <code code="MSRAGG" codeSystem="2.16.840.1.113883.5.4" codeSystemName="ActCode" displayName="rate aggregation"/>
          <value value="2" xsi:type="INT"/>
          <methodCode code="COUNT" codeSystem="2.16.840.1.113883.5.84" codeSystemName="ObservationMethod" displayName="Count"/>
        </observation>
      </entryRelationship>
    </observation>
    </entryRelationship>
    

    <entryRelationship typeCode="COMP">
    <observation classCode="OBS" moodCode="EVN">
      <templateId root="2.16.840.1.113883.10.20.27.3.8"/>
      <code code="103579009" codeSystem="2.16.840.1.113883.6.96" codeSystemName="SNOMED-CT" displayName="Patient Race"/>
      <statusCode code="completed"/>
      <value code="1" codeSystem="2.16.840.1.113883.10.20.27.3.8" codeSystemName="Race" displayName="DISPLAY" xsi:type="CD"/>
      <entryRelationship inversionInd="true" typeCode="SUBJ">
        <observation classCode="OBS" moodCode="EVN">
          <templateId root="2.16.840.1.113883.10.20.27.3.3"/>
          <code code="MSRAGG" codeSystem="2.16.840.1.113883.5.4" codeSystemName="ActCode" displayName="rate aggregation"/>
          <value value="1" xsi:type="INT"/>
          <methodCode code="COUNT" codeSystem="2.16.840.1.113883.5.84" codeSystemName="ObservationMethod" displayName="Count"/>
        </observation>
      </entryRelationship>
    </observation>
    </entryRelationship>
    

    <entryRelationship typeCode="COMP">
        <observation classCode="OBS" moodCode="EVN">
          <templateId root="2.16.840.1.113883.10.20.27.3.6"/>
          <code code="184100006" codeSystem="2.16.840.1.113883.6.96" codeSystemName="SNOMED-CT" displayName="Patient Sex"/>
          <statusCode code="completed"/>
          <value code="1" codeSystem="2.16.840.1.113883.5.1" codeSystemName="Sex" displayName="Female" xsi:type="CD"/>
          <entryRelationship inversionInd="true" typeCode="SUBJ">
            <observation classCode="OBS" moodCode="EVN">
              <templateId root="2.16.840.1.113883.10.20.27.3.3"/>
              <code code="MSRAGG" codeSystem="2.16.840.1.113883.5.4" codeSystemName="ActCode" displayName="rate aggregation"/>
              <value value="1" xsi:type="INT"/>
              <methodCode code="COUNT" codeSystem="2.16.840.1.113883.5.84" codeSystemName="ObservationMethod" displayName="Count"/>
            </observation>
          </entryRelationship>
        </observation>
    </entryRelationship>
     

    <entryRelationship typeCode="COMP">
        <observation classCode="OBS" moodCode="EVN">
          <templateId root="2.16.840.1.113883.10.20.27.3.6"/>
          <code code="184100006" codeSystem="2.16.840.1.113883.6.96" codeSystemName="SNOMED-CT" displayName="Patient Sex"/>
          <statusCode code="completed"/>
          <value code="2" codeSystem="2.16.840.1.113883.5.1" codeSystemName="Sex" displayName="Male" xsi:type="CD"/>
          <entryRelationship inversionInd="true" typeCode="SUBJ">
            <observation classCode="OBS" moodCode="EVN">
              <templateId root="2.16.840.1.113883.10.20.27.3.3"/>
              <code code="MSRAGG" codeSystem="2.16.840.1.113883.5.4" codeSystemName="ActCode" displayName="rate aggregation"/>
              <value value="2" xsi:type="INT"/>
              <methodCode code="COUNT" codeSystem="2.16.840.1.113883.5.84" codeSystemName="ObservationMethod" displayName="Count"/>
            </observation>
          </entryRelationship>
        </observation>
    </entryRelationship>
     

    <entryRelationship typeCode="COMP">
        <observation classCode="OBS" moodCode="EVN">
          <templateId root="2.16.840.1.113883.10.20.24.3.55"/>
          <templateId root="2.16.840.1.113883.10.20.27.3.9"/>
          <templateId root="2.16.840.1.113883.10.20.27.3.18"/>
          <id nullFlavor="NI"/>
          <code code="48768-6" codeSystem="2.16.840.1.113883.6.1" codeSystemName="SNOMED-CT" displayName="Payment source"/>
          <statusCode code="completed"/>
          <effectiveTime>
            <low value="20160212"/>
            <high value="20160212"/>
          </effectiveTime>
          <value code="1" codeSystem="2.16.840.1.113883.5.1" codeSystemName="DISPLAY" xsi:type="CD"/>
          <entryRelationship inversionInd="true" typeCode="SUBJ">
            <observation classCode="OBS" moodCode="EVN">
              <templateId root="2.16.840.1.113883.10.20.27.3.3"/>
              <code code="MSRAGG" codeSystem="2.16.840.1.113883.5.4" codeSystemName="ActCode" displayName="rate aggregation"/>
              <value value="1" xsi:type="INT"/>
              <methodCode code="COUNT" codeSystem="2.16.840.1.113883.5.84" codeSystemName="ObservationMethod" displayName="Count"/>
            </observation>
          </entryRelationship>
        </observation>
    </entryRelationship>
    

			<!-- SHALL 1..1  (Note: this is the reference for the entire population starting with the first component
				observation at the top within the measure data template-->
			<reference typeCode="REFR">
				<!-- reference to the relevant population in the eMeasure -->
				<externalObservation classCode="OBS" moodCode="EVN">
					<id root=""/>
				</externalObservation>
			</reference>
		</observation>
	</component>
				

	<component>
		<observation classCode="OBS" moodCode="EVN">
			<!-- Measure Data template -->
			<templateId extension="2016-02-01" root="2.16.840.1.113883.10.20.27.3.5"/>
			<code code="ASSERTION" codeSystem="2.16.840.1.113883.5.4" codeSystemName="ActCode" displayName="Assertion"/>
			<statusCode code="completed"/>
			<!-- SHALL value with SHOULD be from valueSetName="ObservationPopulationInclusion "	valueSetOid="2.16.840.1.113883.1.11.20369"	Binding: Dynamic
			-->
			<value code="NUMER" codeSystem="2.16.840.1.113883.5.4" codeSystemName="ActCode" displayName="Numerator" xsi:type="CD"/>
			<!-- SHALL contain aggregate count template -->
			<entryRelationship inversionInd="true" typeCode="SUBJ">
				<!-- Aggregate Count (2.16.840.1.113883.10.20.27.3.3) -->
				<observation classCode="OBS" moodCode="EVN">
					<!-- Aggregate Count template -->
					<templateId root="2.16.840.1.113883.10.20.27.3.3"/>
					<code code="MSRAGG" codeSystem="2.16.840.1.113883.5.4" codeSystemName="ActCode" displayName="rate aggregation"/>
					<!--  SHALL value xsi:type="INT"-->
					<value value="5" xsi:type="INT"/>
					<methodCode code="COUNT" codeSystem="2.16.840.1.113883.5.84" codeSystemName="ObservationMethod" displayName="Count"/>
				</observation>
			</entryRelationship>
			
    <entryRelationship typeCode="COMP">
    <observation classCode="OBS" moodCode="EVN">
      <templateId root="2.16.840.1.113883.10.20.27.3.7"/>
      <code code="364699009" codeSystem="2.16.840.1.113883.6.96" codeSystemName="SNOMED-CT" displayName="Patient Ethnicity"/>
      <statusCode code="completed"/>
      <value code="1" codeSystem="2.16.840.1.113883.10.20.27.3.8" codeSystemName="Ethnicity" displayName="DISPLAY" xsi:type="CD"/>
      <entryRelationship inversionInd="true" typeCode="SUBJ">
        <observation classCode="OBS" moodCode="EVN">
          <templateId root="2.16.840.1.113883.10.20.27.3.3"/>
          <code code="MSRAGG" codeSystem="2.16.840.1.113883.5.4" codeSystemName="ActCode" displayName="rate aggregation"/>
          <value value="1" xsi:type="INT"/>
          <methodCode code="COUNT" codeSystem="2.16.840.1.113883.5.84" codeSystemName="ObservationMethod" displayName="Count"/>
        </observation>
      </entryRelationship>
    </observation>
    </entryRelationship>
    

    <entryRelationship typeCode="COMP">
    <observation classCode="OBS" moodCode="EVN">
      <templateId root="2.16.840.1.113883.10.20.27.3.7"/>
      <code code="364699009" codeSystem="2.16.840.1.113883.6.96" codeSystemName="SNOMED-CT" displayName="Patient Ethnicity"/>
      <statusCode code="completed"/>
      <value code="2" codeSystem="2.16.840.1.113883.10.20.27.3.8" codeSystemName="Ethnicity" displayName="DISPLAY1" xsi:type="CD"/>
      <entryRelationship inversionInd="true" typeCode="SUBJ">
        <observation classCode="OBS" moodCode="EVN">
          <templateId root="2.16.840.1.113883.10.20.27.3.3"/>
          <code code="MSRAGG" codeSystem="2.16.840.1.113883.5.4" codeSystemName="ActCode" displayName="rate aggregation"/>
          <value value="2" xsi:type="INT"/>
          <methodCode code="COUNT" codeSystem="2.16.840.1.113883.5.84" codeSystemName="ObservationMethod" displayName="Count"/>
        </observation>
      </entryRelationship>
    </observation>
    </entryRelationship>
    

    <entryRelationship typeCode="COMP">
    <observation classCode="OBS" moodCode="EVN">
      <templateId root="2.16.840.1.113883.10.20.27.3.8"/>
      <code code="103579009" codeSystem="2.16.840.1.113883.6.96" codeSystemName="SNOMED-CT" displayName="Patient Race"/>
      <statusCode code="completed"/>
      <value code="1" codeSystem="2.16.840.1.113883.10.20.27.3.8" codeSystemName="Race" displayName="DISPLAY" xsi:type="CD"/>
      <entryRelationship inversionInd="true" typeCode="SUBJ">
        <observation classCode="OBS" moodCode="EVN">
          <templateId root="2.16.840.1.113883.10.20.27.3.3"/>
          <code code="MSRAGG" codeSystem="2.16.840.1.113883.5.4" codeSystemName="ActCode" displayName="rate aggregation"/>
          <value value="1" xsi:type="INT"/>
          <methodCode code="COUNT" codeSystem="2.16.840.1.113883.5.84" codeSystemName="ObservationMethod" displayName="Count"/>
        </observation>
      </entryRelationship>
    </observation>
    </entryRelationship>
    

    <entryRelationship typeCode="COMP">
        <observation classCode="OBS" moodCode="EVN">
          <templateId root="2.16.840.1.113883.10.20.27.3.6"/>
          <code code="184100006" codeSystem="2.16.840.1.113883.6.96" codeSystemName="SNOMED-CT" displayName="Patient Sex"/>
          <statusCode code="completed"/>
          <value code="1" codeSystem="2.16.840.1.113883.5.1" codeSystemName="Sex" displayName="Female" xsi:type="CD"/>
          <entryRelationship inversionInd="true" typeCode="SUBJ">
            <observation classCode="OBS" moodCode="EVN">
              <templateId root="2.16.840.1.113883.10.20.27.3.3"/>
              <code code="MSRAGG" codeSystem="2.16.840.1.113883.5.4" codeSystemName="ActCode" displayName="rate aggregation"/>
              <value value="1" xsi:type="INT"/>
              <methodCode code="COUNT" codeSystem="2.16.840.1.113883.5.84" codeSystemName="ObservationMethod" displayName="Count"/>
            </observation>
          </entryRelationship>
        </observation>
    </entryRelationship>
     

    <entryRelationship typeCode="COMP">
        <observation classCode="OBS" moodCode="EVN">
          <templateId root="2.16.840.1.113883.10.20.27.3.6"/>
          <code code="184100006" codeSystem="2.16.840.1.113883.6.96" codeSystemName="SNOMED-CT" displayName="Patient Sex"/>
          <statusCode code="completed"/>
          <value code="2" codeSystem="2.16.840.1.113883.5.1" codeSystemName="Sex" displayName="Male" xsi:type="CD"/>
          <entryRelationship inversionInd="true" typeCode="SUBJ">
            <observation classCode="OBS" moodCode="EVN">
              <templateId root="2.16.840.1.113883.10.20.27.3.3"/>
              <code code="MSRAGG" codeSystem="2.16.840.1.113883.5.4" codeSystemName="ActCode" displayName="rate aggregation"/>
              <value value="2" xsi:type="INT"/>
              <methodCode code="COUNT" codeSystem="2.16.840.1.113883.5.84" codeSystemName="ObservationMethod" displayName="Count"/>
            </observation>
          </entryRelationship>
        </observation>
    </entryRelationship>
     

    <entryRelationship typeCode="COMP">
        <observation classCode="OBS" moodCode="EVN">
          <templateId root="2.16.840.1.113883.10.20.24.3.55"/>
          <templateId root="2.16.840.1.113883.10.20.27.3.9"/>
          <templateId root="2.16.840.1.113883.10.20.27.3.18"/>
          <id nullFlavor="NI"/>
          <code code="48768-6" codeSystem="2.16.840.1.113883.6.1" codeSystemName="SNOMED-CT" displayName="Payment source"/>
          <statusCode code="completed"/>
          <effectiveTime>
            <low value="20160212"/>
            <high value="20160212"/>
          </effectiveTime>
          <value code="1" codeSystem="2.16.840.1.113883.5.1" codeSystemName="DISPLAY" xsi:type="CD"/>
          <entryRelationship inversionInd="true" typeCode="SUBJ">
            <observation classCode="OBS" moodCode="EVN">
              <templateId root="2.16.840.1.113883.10.20.27.3.3"/>
              <code code="MSRAGG" codeSystem="2.16.840.1.113883.5.4" codeSystemName="ActCode" displayName="rate aggregation"/>
              <value value="1" xsi:type="INT"/>
              <methodCode code="COUNT" codeSystem="2.16.840.1.113883.5.84" codeSystemName="ObservationMethod" displayName="Count"/>
            </observation>
          </entryRelationship>
        </observation>
    </entryRelationship>
    

			<!-- SHALL 1..1  (Note: this is the reference for the entire population starting with the first component
				observation at the top within the measure data template-->
			<reference typeCode="REFR">
				<!-- reference to the relevant population in the eMeasure -->
				<externalObservation classCode="OBS" moodCode="EVN">
					<id root="14a01d7a-b936-4148-889f-c9b1a8b3d8a3"/>
				</externalObservation>
			</reference>
		</observation>
	</component>
				

	<component>
		<observation classCode="OBS" moodCode="EVN">
			<!-- Measure Data template -->
			<templateId extension="2016-02-01" root="2.16.840.1.113883.10.20.27.3.5"/>
			<code code="ASSERTION" codeSystem="2.16.840.1.113883.5.4" codeSystemName="ActCode" displayName="Assertion"/>
			<statusCode code="completed"/>
			<!-- SHALL value with SHOULD be from valueSetName="ObservationPopulationInclusion "	valueSetOid="2.16.840.1.113883.1.11.20369"	Binding: Dynamic
			-->
			<value code="DENEXCEP" codeSystem="2.16.840.1.113883.5.4" codeSystemName="ActCode" displayName="Denominator Exceptions" xsi:type="CD"/>
			<!-- SHALL contain aggregate count template -->
			<entryRelationship inversionInd="true" typeCode="SUBJ">
				<!-- Aggregate Count (2.16.840.1.113883.10.20.27.3.3) -->
				<observation classCode="OBS" moodCode="EVN">
					<!-- Aggregate Count template -->
					<templateId root="2.16.840.1.113883.10.20.27.3.3"/>
					<code code="MSRAGG" codeSystem="2.16.840.1.113883.5.4" codeSystemName="ActCode" displayName="rate aggregation"/>
					<!--  SHALL value xsi:type="INT"-->
					<!-- In this case the count is 0, but it's a population,
					so send the count. -->
					<value value="1" xsi:type="INT"/>
					<methodCode code="COUNT" codeSystem="2.16.840.1.113883.5.84" codeSystemName="ObservationMethod" displayName="Count"/>
				</observation>
			</entryRelationship>
			
    <entryRelationship typeCode="COMP">
    <observation classCode="OBS" moodCode="EVN">
      <templateId root="2.16.840.1.113883.10.20.27.3.7"/>
      <code code="364699009" codeSystem="2.16.840.1.113883.6.96" codeSystemName="SNOMED-CT" displayName="Patient Ethnicity"/>
      <statusCode code="completed"/>
      <value code="1" codeSystem="2.16.840.1.113883.10.20.27.3.8" codeSystemName="Ethnicity" displayName="DISPLAY" xsi:type="CD"/>
      <entryRelationship inversionInd="true" typeCode="SUBJ">
        <observation classCode="OBS" moodCode="EVN">
          <templateId root="2.16.840.1.113883.10.20.27.3.3"/>
          <code code="MSRAGG" codeSystem="2.16.840.1.113883.5.4" codeSystemName="ActCode" displayName="rate aggregation"/>
          <value value="1" xsi:type="INT"/>
          <methodCode code="COUNT" codeSystem="2.16.840.1.113883.5.84" codeSystemName="ObservationMethod" displayName="Count"/>
        </observation>
      </entryRelationship>
    </observation>
    </entryRelationship>
    

    <entryRelationship typeCode="COMP">
    <observation classCode="OBS" moodCode="EVN">
      <templateId root="2.16.840.1.113883.10.20.27.3.7"/>
      <code code="364699009" codeSystem="2.16.840.1.113883.6.96" codeSystemName="SNOMED-CT" displayName="Patient Ethnicity"/>
      <statusCode code="completed"/>
      <value code="2" codeSystem="2.16.840.1.113883.10.20.27.3.8" codeSystemName="Ethnicity" displayName="DISPLAY1" xsi:type="CD"/>
      <entryRelationship inversionInd="true" typeCode="SUBJ">
        <observation classCode="OBS" moodCode="EVN">
          <templateId root="2.16.840.1.113883.10.20.27.3.3"/>
          <code code="MSRAGG" codeSystem="2.16.840.1.113883.5.4" codeSystemName="ActCode" displayName="rate aggregation"/>
          <value value="2" xsi:type="INT"/>
          <methodCode code="COUNT" codeSystem="2.16.840.1.113883.5.84" codeSystemName="ObservationMethod" displayName="Count"/>
        </observation>
      </entryRelationship>
    </observation>
    </entryRelationship>
    

    <entryRelationship typeCode="COMP">
    <observation classCode="OBS" moodCode="EVN">
      <templateId root="2.16.840.1.113883.10.20.27.3.8"/>
      <code code="103579009" codeSystem="2.16.840.1.113883.6.96" codeSystemName="SNOMED-CT" displayName="Patient Race"/>
      <statusCode code="completed"/>
      <value code="1" codeSystem="2.16.840.1.113883.10.20.27.3.8" codeSystemName="Race" displayName="DISPLAY" xsi:type="CD"/>
      <entryRelationship inversionInd="true" typeCode="SUBJ">
        <observation classCode="OBS" moodCode="EVN">
          <templateId root="2.16.840.1.113883.10.20.27.3.3"/>
          <code code="MSRAGG" codeSystem="2.16.840.1.113883.5.4" codeSystemName="ActCode" displayName="rate aggregation"/>
          <value value="1" xsi:type="INT"/>
          <methodCode code="COUNT" codeSystem="2.16.840.1.113883.5.84" codeSystemName="ObservationMethod" displayName="Count"/>
        </observation>
      </entryRelationship>
    </observation>
    </entryRelationship>
    

    <entryRelationship typeCode="COMP">
        <observation classCode="OBS" moodCode="EVN">
          <templateId root="2.16.840.1.113883.10.20.27.3.6"/>
          <code code="184100006" codeSystem="2.16.840.1.113883.6.96" codeSystemName="SNOMED-CT" displayName="Patient Sex"/>
          <statusCode code="completed"/>
          <value code="1" codeSystem="2.16.840.1.113883.5.1" codeSystemName="Sex" displayName="Female" xsi:type="CD"/>
          <entryRelationship inversionInd="true" typeCode="SUBJ">
            <observation classCode="OBS" moodCode="EVN">
              <templateId root="2.16.840.1.113883.10.20.27.3.3"/>
              <code code="MSRAGG" codeSystem="2.16.840.1.113883.5.4" codeSystemName="ActCode" displayName="rate aggregation"/>
              <value value="1" xsi:type="INT"/>
              <methodCode code="COUNT" codeSystem="2.16.840.1.113883.5.84" codeSystemName="ObservationMethod" displayName="Count"/>
            </observation>
          </entryRelationship>
        </observation>
    </entryRelationship>
     

    <entryRelationship typeCode="COMP">
        <observation classCode="OBS" moodCode="EVN">
          <templateId root="2.16.840.1.113883.10.20.27.3.6"/>
          <code code="184100006" codeSystem="2.16.840.1.113883.6.96" codeSystemName="SNOMED-CT" displayName="Patient Sex"/>
          <statusCode code="completed"/>
          <value code="2" codeSystem="2.16.840.1.113883.5.1" codeSystemName="Sex" displayName="Male" xsi:type="CD"/>
          <entryRelationship inversionInd="true" typeCode="SUBJ">
            <observation classCode="OBS" moodCode="EVN">
              <templateId root="2.16.840.1.113883.10.20.27.3.3"/>
              <code code="MSRAGG" codeSystem="2.16.840.1.113883.5.4" codeSystemName="ActCode" displayName="rate aggregation"/>
              <value value="2" xsi:type="INT"/>
              <methodCode code="COUNT" codeSystem="2.16.840.1.113883.5.84" codeSystemName="ObservationMethod" displayName="Count"/>
            </observation>
          </entryRelationship>
        </observation>
    </entryRelationship>
     

    <entryRelationship typeCode="COMP">
        <observation classCode="OBS" moodCode="EVN">
          <templateId root="2.16.840.1.113883.10.20.24.3.55"/>
          <templateId root="2.16.840.1.113883.10.20.27.3.9"/>
          <templateId root="2.16.840.1.113883.10.20.27.3.18"/>
          <id nullFlavor="NI"/>
          <code code="48768-6" codeSystem="2.16.840.1.113883.6.1" codeSystemName="SNOMED-CT" displayName="Payment source"/>
          <statusCode code="completed"/>
          <effectiveTime>
            <low value="20160212"/>
            <high value="20160212"/>
          </effectiveTime>
          <value code="1" codeSystem="2.16.840.1.113883.5.1" codeSystemName="DISPLAY" xsi:type="CD"/>
          <entryRelationship inversionInd="true" typeCode="SUBJ">
            <observation classCode="OBS" moodCode="EVN">
              <templateId root="2.16.840.1.113883.10.20.27.3.3"/>
              <code code="MSRAGG" codeSystem="2.16.840.1.113883.5.4" codeSystemName="ActCode" displayName="rate aggregation"/>
              <value value="1" xsi:type="INT"/>
              <methodCode code="COUNT" codeSystem="2.16.840.1.113883.5.84" codeSystemName="ObservationMethod" displayName="Count"/>
            </observation>
          </entryRelationship>
        </observation>
    </entryRelationship>
    

			<!-- SHALL 1..1  (Note: this is the reference for the entire population starting with the first component
				observation at the top within the measure data template-->
			<reference typeCode="REFR">
				<!-- reference to the relevant population in the eMeasure -->
				<externalObservation classCode="OBS" moodCode="EVN">
					<id root="6c8d1f46-3a00-4b7b-bafa-a2fe49499ae2"/>
				</externalObservation>
			</reference>
		</observation>
	</component>
				
          
        </organizer>
    </entry>
    
					
				</section>
			</component>
		</structuredBody>
	</component>
</ClinicalDocument>
