<?xml version="1.0" encoding="UTF-8" ?>

<ClinicalDocument xmlns:xsi="http://www.w3.org/2001/XMLSchema-instance"
 xmlns="urn:hl7-org:v3"
 xmlns:voc="urn:hl7-org:v3/voc"
 xmlns:sdtc="urn:hl7-org:sdtc">  
    <!-- QRDA Header -->
    <realmCode code="US"/>
    <typeId root="2.16.840.1.113883.1.3" extension="POCD_HD000040"/>
    <!-- US Realm Header (V2)  -->
  <templateId root="2.16.840.1.113883.10.20.22.1.1" extension="2014-06-09" />
  <!-- QRDA Category I Framework (V2) -->
  <templateId root="2.16.840.1.113883.10.20.24.1.1" extension="2014-12-01" />
  <!-- QDM-Based QRDA (V2) -->
  <templateId root="2.16.840.1.113883.10.20.24.1.2" extension="2014-12-01" />
    <!-- This is the globally unique identifier for this QRDA document -->
    <id root=""/>
    <!-- QRDA document type code -->
    <code code="55182-0" codeSystem="2.16.840.1.113883.6.1" codeSystemName="LOINC" displayName="Quality Measure Report"/>
    <title>QRDA Incidence Report</title>
    <!-- This is the document creation time -->
    <effectiveTime value="20170516"/>
    <confidentialityCode code="N" codeSystem="2.16.840.1.113883.5.25"/>
    <languageCode code="en"/>
    <!-- reported patient -->
    <recordTarget>
        <patientRole>
			<!-- This is the patient's Medical HIC number -->
			<id nullFlavor="NI" root="2.16.840.1.113883.4.572" />
            <id extension="4" root="2.16.840.1.113883.3.1257"/>
            <addr use="HP">
                <streetAddressLine>244, Burlington Road</streetAddressLine>
                <city>Bedford</city>
                <state>MA</state>
                <postalCode>01730</postalCode>
                <country>USA</country>
            </addr>
            <telecom use="HP" value="343-221-2000"/>
            <patient>
                <name>
                    <given>Ian</given>
                    <family>Cross</family>
                </name>
                <administrativeGenderCode code="M" codeSystem="2.16.840.1.113883.5.1" codeSystemName="HL7 AdministrativeGender"/>
                <birthTime value="19730201000000"/>
                <raceCode code="1002-5" displayName="American Indian or Alaska Native" codeSystemName="CDC Race and Ethnicity" codeSystem="2.16.840.1.113883.6.238"/>
                <ethnicGroupCode code="2186-5" displayName="Not Hispanic or Latino" codeSystemName="CDC Race and Ethnicity" codeSystem="2.16.840.1.113883.6.238"/>
                <languageCommunication>
                    <templateId root="2.16.840.1.113883.3.88.11.83.2" assigningAuthorityName="HITSP/C83"/>
                    <templateId root="1.3.6.1.4.1.19376.1.5.3.1.2.1" assigningAuthorityName="IHE/PCC"/>
                    <languageCode code="en-us"/>
                </languageCommunication>
            </patient>
        </patientRole>
    </recordTarget>
    <!-- Example of an author who is a device -->
    <author>
        <time value="20170516"/>
        <assignedAuthor>
            <!-- id extension="Cypress" root="2.16.840.1.113883.19.5"/ -->
            <!-- NPI -->
            <id nullFlavor="UNK" root="2.16.840.1.113883.4.6"/>
            <addr>
                <streetAddressLine></streetAddressLine>
                <city></city>
                <state></state>
                <postalCode></postalCode>
                <country></country>
            </addr>
            <telecom nullFlavor="NI"/>
            <assignedAuthoringDevice>
                <manufacturerModelName></manufacturerModelName >
                <softwareName></softwareName >
            </assignedAuthoringDevice >
        </assignedAuthor>
    </author>
    <custodian>
        <assignedCustodian>
        <representedCustodianOrganization>
            <id root="2.16.840.1.113883.19.5"/>
            <name></name>
            <telecom use="" value=""/>
            <addr>
                <streetAddressLine></streetAddressLine>
                <city></city>
                <state></state>
                <postalCode></postalCode>
                <country></country>
            </addr>
        </representedCustodianOrganization>
      </assignedCustodian>
    </custodian>
    <legalAuthenticator>
        <time value="1494935747216"/>
        <signatureCode code="S"/>
        <assignedEntity>
            <id root=""/>
            <addr>
                <streetAddressLine></streetAddressLine>
                <city></city>
                <state></state>
                <postalCode></postalCode>
                <country></country>
            </addr>
            <telecom use="" value=""/>
            <assignedPerson>
                <name>
                    <given></given>
                    <family></family>
                </name>
            </assignedPerson>
            <representedOrganization>
                <id root="2.16.840.1.113883.19.5"/>
                <name></name>
            </representedOrganization>
        </assignedEntity>
    </legalAuthenticator>
    <documentationOf typeCode="DOC">
        <serviceEvent classCode="PCPR"> <!-- care provision -->
            <!-- No provider data found in the patient record
             putting in a fake provider -->
            <effectiveTime>
                <low value="20170101000000"/>
                <high value="20171231000000"/>
            </effectiveTime>
            <!-- You can include multiple performers, each with an NPI, TIN, CCN. -->
            <performer typeCode="PRF"> 
                <time>
                    <low value="20170101000000"/>
                    <high value="20171231000000"/>
                </time>
                <assignedEntity>
                    <!-- This is the provider NPI -->
                    <id root="2.16.840.1.113883.4.6" nullFlavor="NI" /> 
                    <representedOrganization>
                        <!-- This is the organization TIN -->
                        <id root="2.16.840.1.113883.4.2" nullFlavor="NI" /> 
                        <!-- This is the organization CCN -->
                        <id root="2.16.840.1.113883.4.336" nullFlavor="NI" /> 
                    </representedOrganization>
                </assignedEntity>
            </performer>
        </serviceEvent>
    </documentationOf>
    <component>
        <structuredBody>
            <component>
                <section>
                    <!-- 
                      *****************************************************************
                      Measure Section
                      *****************************************************************
                    -->
                    <!-- This is the templateId for Measure Section -->
                    <templateId root="2.16.840.1.113883.10.20.24.2.2"/>
                    <!-- This is the templateId for Measure Section QDM -->
                    <templateId root="2.16.840.1.113883.10.20.24.2.3"/>
                    <!-- This is the LOINC code for "Measure document". This stays the same for all measure section required by QRDA standard -->
                    <code code="55186-1" codeSystem="2.16.840.1.113883.6.1"/>
                    <title>Measure Section</title>
                    <text>
                        <table border="1" width="100%">
                            <thead>
                                <tr>
                                    <th>eMeasure Title</th>
                                    <th>Version neutral identifier</th>
                                    <th>eMeasure Version Number</th>
                                    <th>Version specific identifier</th>
                                </tr>
                            </thead>
                            <tbody>  
                                                                
                                <tr> <!-- This section will repeat if the patient falls into multiple measure -->
                                    <td></td>
                                    <td></td>
                                    <td></td>
                                    <td></td>    
                                </tr>
                                 

                            </tbody>
                        </table>
                    </text>
                    <!-- 1..* Organizers, each containing a reference to an eMeasure -->  
                    <entry>
			            <organizer classCode="CLUSTER" moodCode="EVN">
			              <!-- This is the templateId for Measure Reference -->
			              <templateId root="2.16.840.1.113883.10.20.24.3.98"/>
			              <!-- This is the templateId for eMeasure Reference QDM -->
			              <templateId root="2.16.840.1.113883.10.20.24.3.97"/>
			              <id nullFlavor="NI"/>
			              <statusCode code="completed"/>
			              <!-- Containing isBranch external references -->
			              <reference typeCode="REFR">
			                <externalDocument classCode="DOC" moodCode="EVN">
			                  <!-- SHALL: This is the version specific identifier for eMeasure: QualityMeasureDocument/id it is a GUID-->
			                  <id root="2.16.840.1.113883.4.738" nullFlavor="NI"/>
			                  <!-- SHOULD This is the title of the eMeasure -->
			                  <text></text>
			                  <!-- SHOULD: setId is the eMeasure version neutral id  -->
			                  <setId root=""/>
			                  <!-- This is the sequential eMeasure Version number -->
			                  <versionNumber value=""/>                  
			                </externalDocument>
			              </reference>
			            </organizer>
			         </entry>         
                </section>
            </component>
            <component>
		        <section>
		          <!-- This is the templateId for Reporting Parameters section -->
		          <templateId root="2.16.840.1.113883.10.20.17.2.1"/>
				  <templateId extension="2015-07-01" root="2.16.840.1.113883.10.20.17.2.1"/>
		          <code code="55187-9" codeSystem="2.16.840.1.113883.6.1"/>
		          <title>Reporting Parameters</title>
		          <text>
		            <list>
		              <item>Reporting period: Jan 01,2017 12:00 - Dec 31,2017 12:00</item>
		            </list>
		          </text>
		          <entry typeCode="DRIV">
		            <act classCode="ACT" moodCode="EVN">
		              <!-- This is the templateId for Reporting Parameteres Act -->
		              <templateId root="2.16.840.1.113883.10.20.17.3.8"/>
					  <templateId extension="2015-07-01" root="2.16.840.1.113883.10.20.17.3.8"/>
		              <id nullFlavor="NI" />
		              <code code="252116004" codeSystem="2.16.840.1.113883.6.96" displayName="Observation Parameters"/>
		              <effectiveTime>
		              	<low value="20170101000000"/>
		                <high value="20171231000000"/>
		              </effectiveTime>
		            </act>
		          </entry>
		        </section>
		    </component>
		    <component>
		        <section>
		          <!-- This is the templateId for Patient Data section -->
		          <templateId root="2.16.840.1.113883.10.20.17.2.4"/>
				  <templateId extension="2014-12-01" root="2.16.840.1.113883.10.20.24.2.1"/>	
				  <templateId extension="2015-07-01" root="2.16.840.1.113883.10.20.24.2.1"/>
		          <code code="55188-7" codeSystem="2.16.840.1.113883.6.1"/>
		          <title>Patient Data</title>
		          <text>
		
		          </text>
		          

         <entry>
             <encounter classCode="ENC" moodCode="EVN">
                  <!--  Conforms to C-CDA R2 Encounter Activity (V2) template -->
              <templateId root="2.16.840.1.113883.10.20.22.4.49" extension="2014-06-09" />
              <!-- Encounter Performed (V2) template -->
              <templateId root="2.16.840.1.113883.10.20.24.3.23" extension="2014-12-01" />
                 <id root="3ac5c706-95a6-485b-a6f1-86837110a37a"/>
                 <code code="99201" codeSystem="2.16.840.1.113883.6.12" sdtc:valueSet="2.16.840.1.113883.3.464.1003.101.12.1001"><originalText></originalText></code>
                 <text>Office or other outpatient visit for the evaluation and management of a new patient, which requires these 3 key components: A problem focused history; A problem focused examination; Straightforward medical decision making. Counseling and/or coordination of care with other physicians, other qualified health care professionals, or agencies are provided consistent with the nature of the problem(s) and the patient's and/or family's needs. Usually, the presenting problem(s) are self limited or minor. Typically, 10 minutes are spent face-to-face with the patient and/or family.</text>
                 <statusCode code="completed"/>
                 <effectiveTime>
                     <!-- We try to look for the admit/discharge times on the encounter if they are
                      there. If not, we fall back to the typical start/end date. -->
                     <low value='20130301'/>
                     <high value='20130301'/>
                 </effectiveTime>
             </encounter>
         </entry>

     
		       </section>
     	    </component>
        </structuredBody>
    </component>
</ClinicalDocument>

